Date,SKU,Product_Name,Units_Sold,Revenue
2025-12-01,SKU001,LED Strip 5M,7,4410
2025-12-01,SKU002,Acrylic Sheet 4x8,4,4760
2025-12-01,SKU003,Aluminium Profile,11,4928
2025-12-01,SKU004,LED Driver 60W,7,6664
2025-12-01,SKU005,Flex Banner Roll,2,3360
2025-12-01,SKU006,Neon Flex 1M,4,1624
2025-12-01,SKU007,MS Bracket Set,19,4788
2025-12-01,SKU008,Vinyl Wrap 1M,6,3528
2025-12-01,SKU009,Power Supply 12V,4,3080
2025-12-01,SKU010,ACP Sheet 4x8,4,5320
2025-12-01,SKU011,RGB Controller,8,4256
2025-12-01,SKU012,GI Pipe 20mm,20,5880
2025-12-01,SKU013,Backlit Film A1,3,3192
2025-12-01,SKU014,LED Module 12V,25,5250
2025-12-01,SKU015,Stainless Bracket,3,2688
2025-12-02,SKU001,LED Strip 5M,5,3150
2025-12-02,SKU002,Acrylic Sheet 4x8,5,5950
2025-12-02,SKU003,Aluminium Profile,16,7168
2025-12-02,SKU004,LED Driver 60W,6,5712
2025-12-02,SKU005,Flex Banner Roll,2,3360
2025-12-02,SKU006,Neon Flex 1M,10,4060
2025-12-02,SKU007,MS Bracket Set,10,2520
2025-12-02,SKU008,Vinyl Wrap 1M,6,3528
2025-12-02,SKU009,Power Supply 12V,5,3850
2025-12-02,SKU010,ACP Sheet 4x8,5,6650
2025-12-02,SKU011,RGB Controller,7,3724
2025-12-02,SKU012,GI Pipe 20mm,16,4704
2025-12-02,SKU013,Backlit Film A1,3,3192
2025-12-02,SKU014,LED Module 12V,30,6300
2025-12-02,SKU015,Stainless Bracket,2,1792
2025-12-03,SKU001,LED Strip 5M,9,5670
2025-12-03,SKU002,Acrylic Sheet 4x8,2,2380
2025-12-03,SKU003,Aluminium Profile,2,896
2025-12-03,SKU004,LED Driver 60W,4,3808
2025-12-03,SKU005,Flex Banner Roll,2,3360
2025-12-03,SKU006,Neon Flex 1M,11,4466
2025-12-03,SKU007,MS Bracket Set,21,5292
2025-12-03,SKU008,Vinyl Wrap 1M,4,2352
2025-12-03,SKU009,Power Supply 12V,6,4620
2025-12-03,SKU010,ACP Sheet 4x8,2,2660
2025-12-03,SKU011,RGB Controller,7,3724
2025-12-03,SKU012,GI Pipe 20mm,13,3822
2025-12-03,SKU013,Backlit Film A1,3,3192
2025-12-03,SKU014,LED Module 12V,31,6510
2025-12-03,SKU015,Stainless Bracket,4,3584
2025-12-04,SKU001,LED Strip 5M,8,5040
2025-12-04,SKU002,Acrylic Sheet 4x8,5,5950
2025-12-04,SKU003,Aluminium Profile,13,5824
2025-12-04,SKU004,LED Driver 60W,4,3808
2025-12-04,SKU005,Flex Banner Roll,2,3360
2025-12-04,SKU006,Neon Flex 1M,7,2842
2025-12-04,SKU007,MS Bracket Set,20,5040
2025-12-04,SKU008,Vinyl Wrap 1M,6,3528
2025-12-04,SKU009,Power Supply 12V,8,6160
2025-12-04,SKU010,ACP Sheet 4x8,3,3990
2025-12-04,SKU011,RGB Controller,5,2660
2025-12-04,SKU012,GI Pipe 20mm,18,5292
2025-12-04,SKU013,Backlit Film A1,4,4256
2025-12-04,SKU014,LED Module 12V,28,5880
2025-12-04,SKU015,Stainless Bracket,5,4480
2025-12-05,SKU001,LED Strip 5M,11,6930
2025-12-05,SKU002,Acrylic Sheet 4x8,4,4760
2025-12-05,SKU003,Aluminium Profile,6,2688
2025-12-05,SKU004,LED Driver 60W,5,4760
2025-12-05,SKU005,Flex Banner Roll,3,5040
2025-12-05,SKU006,Neon Flex 1M,5,2030
2025-12-05,SKU007,MS Bracket Set,18,4536
2025-12-05,SKU008,Vinyl Wrap 1M,7,4116
2025-12-05,SKU009,Power Supply 12V,4,3080
2025-12-05,SKU010,ACP Sheet 4x8,4,5320
2025-12-05,SKU011,RGB Controller,9,4788
2025-12-05,SKU012,GI Pipe 20mm,25,7350
2025-12-05,SKU013,Backlit Film A1,3,3192
2025-12-05,SKU014,LED Module 12V,20,4200
2025-12-05,SKU015,Stainless Bracket,3,2688
2025-12-06,SKU001,LED Strip 5M,6,3780
2025-12-06,SKU002,Acrylic Sheet 4x8,6,7140
2025-12-06,SKU003,Aluminium Profile,9,4032
2025-12-06,SKU004,LED Driver 60W,5,4760
2025-12-06,SKU005,Flex Banner Roll,3,5040
2025-12-06,SKU006,Neon Flex 1M,7,2842
2025-12-06,SKU007,MS Bracket Set,16,4032
2025-12-06,SKU008,Vinyl Wrap 1M,3,1764
2025-12-06,SKU009,Power Supply 12V,3,2310
2025-12-06,SKU010,ACP Sheet 4x8,3,3990
2025-12-06,SKU011,RGB Controller,8,4256
2025-12-06,SKU012,GI Pipe 20mm,20,5880
2025-12-06,SKU013,Backlit Film A1,2,2128
2025-12-06,SKU014,LED Module 12V,26,5460
2025-12-06,SKU015,Stainless Bracket,4,3584
2025-12-08,SKU001,LED Strip 5M,10,6300
2025-12-08,SKU002,Acrylic Sheet 4x8,6,7140
2025-12-08,SKU003,Aluminium Profile,12,5376
2025-12-08,SKU004,LED Driver 60W,4,3808
2025-12-08,SKU005,Flex Banner Roll,3,5040
2025-12-08,SKU006,Neon Flex 1M,10,4060
2025-12-08,SKU007,MS Bracket Set,24,6048
2025-12-08,SKU008,Vinyl Wrap 1M,6,3528
2025-12-08,SKU009,Power Supply 12V,7,5390
2025-12-08,SKU010,ACP Sheet 4x8,3,3990
2025-12-08,SKU011,RGB Controller,11,5852
2025-12-08,SKU012,GI Pipe 20mm,15,4410
2025-12-08,SKU013,Backlit Film A1,2,2128
2025-12-08,SKU014,LED Module 12V,16,3360
2025-12-08,SKU015,Stainless Bracket,3,2688
2025-12-09,SKU001,LED Strip 5M,11,6930
2025-12-09,SKU002,Acrylic Sheet 4x8,6,7140
2025-12-09,SKU003,Aluminium Profile,14,6272
2025-12-09,SKU004,LED Driver 60W,1,952
2025-12-09,SKU005,Flex Banner Roll,3,5040
2025-12-09,SKU006,Neon Flex 1M,10,4060
2025-12-09,SKU007,MS Bracket Set,15,3780
2025-12-09,SKU008,Vinyl Wrap 1M,5,2940
2025-12-09,SKU009,Power Supply 12V,4,3080
2025-12-09,SKU010,ACP Sheet 4x8,6,7980
2025-12-09,SKU011,RGB Controller,5,2660
2025-12-09,SKU012,GI Pipe 20mm,13,3822
2025-12-09,SKU013,Backlit Film A1,4,4256
2025-12-09,SKU014,LED Module 12V,21,4410
2025-12-09,SKU015,Stainless Bracket,3,2688
2025-12-10,SKU001,LED Strip 5M,8,5040
2025-12-10,SKU002,Acrylic Sheet 4x8,3,3570
2025-12-10,SKU003,Aluminium Profile,12,5376
2025-12-10,SKU004,LED Driver 60W,3,2856
2025-12-10,SKU005,Flex Banner Roll,3,5040
2025-12-10,SKU006,Neon Flex 1M,9,3654
2025-12-10,SKU007,MS Bracket Set,30,7560
2025-12-10,SKU008,Vinyl Wrap 1M,7,4116
2025-12-10,SKU009,Power Supply 12V,7,5390
2025-12-10,SKU010,ACP Sheet 4x8,2,2660
2025-12-10,SKU011,RGB Controller,7,3724
2025-12-10,SKU012,GI Pipe 20mm,16,4704
2025-12-10,SKU013,Backlit Film A1,4,4256
2025-12-10,SKU014,LED Module 12V,12,2520
2025-12-10,SKU015,Stainless Bracket,5,4480
2025-12-11,SKU001,LED Strip 5M,9,5670
2025-12-11,SKU002,Acrylic Sheet 4x8,7,8330
2025-12-11,SKU003,Aluminium Profile,14,6272
2025-12-11,SKU004,LED Driver 60W,6,5712
2025-12-11,SKU005,Flex Banner Roll,2,3360
2025-12-11,SKU006,Neon Flex 1M,5,2030
2025-12-11,SKU007,MS Bracket Set,19,4788
2025-12-11,SKU008,Vinyl Wrap 1M,6,3528
2025-12-11,SKU009,Power Supply 12V,8,6160
2025-12-11,SKU010,ACP Sheet 4x8,3,3990
2025-12-11,SKU011,RGB Controller,8,4256
2025-12-11,SKU012,GI Pipe 20mm,7,2058
2025-12-11,SKU013,Backlit Film A1,2,2128
2025-12-11,SKU014,LED Module 12V,26,5460
2025-12-11,SKU015,Stainless Bracket,4,3584
2025-12-12,SKU001,LED Strip 5M,11,6930
2025-12-12,SKU002,Acrylic Sheet 4x8,4,4760
2025-12-12,SKU003,Aluminium Profile,7,3136
2025-12-12,SKU004,LED Driver 60W,6,5712
2025-12-12,SKU005,Flex Banner Roll,3,5040
2025-12-12,SKU006,Neon Flex 1M,10,4060
2025-12-12,SKU007,MS Bracket Set,14,3528
2025-12-12,SKU008,Vinyl Wrap 1M,9,5292
2025-12-12,SKU009,Power Supply 12V,5,3850
2025-12-12,SKU010,ACP Sheet 4x8,4,5320
2025-12-12,SKU011,RGB Controller,11,5852
2025-12-12,SKU012,GI Pipe 20mm,17,4998
2025-12-12,SKU013,Backlit Film A1,3,3192
2025-12-12,SKU014,LED Module 12V,41,8610
2025-12-12,SKU015,Stainless Bracket,4,3584
2025-12-13,SKU001,LED Strip 5M,7,4410
2025-12-13,SKU002,Acrylic Sheet 4x8,5,5950
2025-12-13,SKU003,Aluminium Profile,17,7616
2025-12-13,SKU004,LED Driver 60W,6,5712
2025-12-13,SKU005,Flex Banner Roll,3,5040
2025-12-13,SKU006,Neon Flex 1M,12,4872
2025-12-13,SKU007,MS Bracket Set,15,3780
2025-12-13,SKU008,Vinyl Wrap 1M,3,1764
2025-12-13,SKU009,Power Supply 12V,5,3850
2025-12-13,SKU010,ACP Sheet 4x8,4,5320
2025-12-13,SKU011,RGB Controller,6,3192
2025-12-13,SKU012,GI Pipe 20mm,18,5292
2025-12-13,SKU013,Backlit Film A1,3,3192
2025-12-13,SKU014,LED Module 12V,17,3570
2025-12-13,SKU015,Stainless Bracket,4,3584
2025-12-15,SKU001,LED Strip 5M,7,4410
2025-12-15,SKU002,Acrylic Sheet 4x8,2,2380
2025-12-15,SKU003,Aluminium Profile,13,5824
2025-12-15,SKU004,LED Driver 60W,5,4760
2025-12-15,SKU005,Flex Banner Roll,2,3360
2025-12-15,SKU006,Neon Flex 1M,10,4060
2025-12-15,SKU007,MS Bracket Set,20,5040
2025-12-15,SKU008,Vinyl Wrap 1M,5,2940
2025-12-15,SKU009,Power Supply 12V,5,3850
2025-12-15,SKU010,ACP Sheet 4x8,5,6650
2025-12-15,SKU011,RGB Controller,6,3192
2025-12-15,SKU012,GI Pipe 20mm,16,4704
2025-12-15,SKU013,Backlit Film A1,3,3192
2025-12-15,SKU014,LED Module 12V,41,8610
2025-12-15,SKU015,Stainless Bracket,1,896
2025-12-16,SKU001,LED Strip 5M,9,5670
2025-12-16,SKU002,Acrylic Sheet 4x8,4,4760
2025-12-16,SKU003,Aluminium Profile,11,4928
2025-12-16,SKU004,LED Driver 60W,9,8568
2025-12-16,SKU005,Flex Banner Roll,2,3360
2025-12-16,SKU006,Neon Flex 1M,15,6090
2025-12-16,SKU007,MS Bracket Set,15,3780
2025-12-16,SKU008,Vinyl Wrap 1M,7,4116
2025-12-16,SKU009,Power Supply 12V,4,3080
2025-12-16,SKU010,ACP Sheet 4x8,3,3990
2025-12-16,SKU011,RGB Controller,8,4256
2025-12-16,SKU012,GI Pipe 20mm,13,3822
2025-12-16,SKU013,Backlit Film A1,3,3192
2025-12-16,SKU014,LED Module 12V,9,1890
2025-12-16,SKU015,Stainless Bracket,6,5376
2025-12-17,SKU001,LED Strip 5M,7,4410
2025-12-17,SKU002,Acrylic Sheet 4x8,7,8330
2025-12-17,SKU003,Aluminium Profile,8,3584
2025-12-17,SKU004,LED Driver 60W,6,5712
2025-12-17,SKU005,Flex Banner Roll,5,8400
2025-12-17,SKU006,Neon Flex 1M,6,2436
2025-12-17,SKU007,MS Bracket Set,9,2268
2025-12-17,SKU008,Vinyl Wrap 1M,5,2940
2025-12-17,SKU009,Power Supply 12V,5,3850
2025-12-17,SKU010,ACP Sheet 4x8,4,5320
2025-12-17,SKU011,RGB Controller,11,5852
2025-12-17,SKU012,GI Pipe 20mm,13,3822
2025-12-17,SKU013,Backlit Film A1,1,1064
2025-12-17,SKU014,LED Module 12V,21,4410
2025-12-17,SKU015,Stainless Bracket,5,4480
2025-12-18,SKU001,LED Strip 5M,9,5670
2025-12-18,SKU002,Acrylic Sheet 4x8,2,2380
2025-12-18,SKU003,Aluminium Profile,11,4928
2025-12-18,SKU004,LED Driver 60W,8,7616
2025-12-18,SKU005,Flex Banner Roll,4,6720
2025-12-18,SKU006,Neon Flex 1M,10,4060
2025-12-18,SKU007,MS Bracket Set,19,4788
2025-12-18,SKU008,Vinyl Wrap 1M,4,2352
2025-12-18,SKU009,Power Supply 12V,3,2310
2025-12-18,SKU010,ACP Sheet 4x8,4,5320
2025-12-18,SKU011,RGB Controller,9,4788
2025-12-18,SKU012,GI Pipe 20mm,17,4998
2025-12-18,SKU013,Backlit Film A1,2,2128
2025-12-18,SKU014,LED Module 12V,16,3360
2025-12-18,SKU015,Stainless Bracket,3,2688
2025-12-19,SKU001,LED Strip 5M,5,3150
2025-12-19,SKU002,Acrylic Sheet 4x8,5,5950
2025-12-19,SKU003,Aluminium Profile,3,1344
2025-12-19,SKU004,LED Driver 60W,5,4760
2025-12-19,SKU005,Flex Banner Roll,3,5040
2025-12-19,SKU006,Neon Flex 1M,13,5278
2025-12-19,SKU007,MS Bracket Set,18,4536
2025-12-19,SKU008,Vinyl Wrap 1M,9,5292
2025-12-19,SKU009,Power Supply 12V,4,3080
2025-12-19,SKU010,ACP Sheet 4x8,3,3990
2025-12-19,SKU011,RGB Controller,6,3192
2025-12-19,SKU012,GI Pipe 20mm,21,6174
2025-12-19,SKU013,Backlit Film A1,3,3192
2025-12-19,SKU014,LED Module 12V,28,5880
2025-12-19,SKU015,Stainless Bracket,7,6272
2025-12-20,SKU001,LED Strip 5M,7,4410
2025-12-20,SKU002,Acrylic Sheet 4x8,5,5950
2025-12-20,SKU003,Aluminium Profile,13,5824
2025-12-20,SKU004,LED Driver 60W,5,4760
2025-12-20,SKU005,Flex Banner Roll,5,8400
2025-12-20,SKU006,Neon Flex 1M,13,5278
2025-12-20,SKU007,MS Bracket Set,10,2520
2025-12-20,SKU008,Vinyl Wrap 1M,6,3528
2025-12-20,SKU009,Power Supply 12V,5,3850
2025-12-20,SKU010,ACP Sheet 4x8,4,5320
2025-12-20,SKU011,RGB Controller,4,2128
2025-12-20,SKU012,GI Pipe 20mm,4,1176
2025-12-20,SKU013,Backlit Film A1,1,1064
2025-12-20,SKU014,LED Module 12V,24,5040
2025-12-20,SKU015,Stainless Bracket,3,2688
2025-12-22,SKU001,LED Strip 5M,8,5040
2025-12-22,SKU002,Acrylic Sheet 4x8,3,3570
2025-12-22,SKU003,Aluminium Profile,7,3136
2025-12-22,SKU004,LED Driver 60W,2,1904
2025-12-22,SKU005,Flex Banner Roll,3,5040
2025-12-22,SKU006,Neon Flex 1M,9,3654
2025-12-22,SKU007,MS Bracket Set,23,5796
2025-12-22,SKU008,Vinyl Wrap 1M,8,4704
2025-12-22,SKU009,Power Supply 12V,4,3080
2025-12-22,SKU010,ACP Sheet 4x8,5,6650
2025-12-22,SKU011,RGB Controller,7,3724
2025-12-22,SKU012,GI Pipe 20mm,12,3528
2025-12-22,SKU013,Backlit Film A1,2,2128
2025-12-22,SKU014,LED Module 12V,20,4200
2025-12-22,SKU015,Stainless Bracket,1,896
2025-12-23,SKU001,LED Strip 5M,8,5040
2025-12-23,SKU002,Acrylic Sheet 4x8,5,5950
2025-12-23,SKU003,Aluminium Profile,10,4480
2025-12-23,SKU004,LED Driver 60W,4,3808
2025-12-23,SKU005,Flex Banner Roll,3,5040
2025-12-23,SKU006,Neon Flex 1M,13,5278
2025-12-23,SKU007,MS Bracket Set,18,4536
2025-12-23,SKU008,Vinyl Wrap 1M,5,2940
2025-12-23,SKU009,Power Supply 12V,4,3080
2025-12-23,SKU010,ACP Sheet 4x8,3,3990
2025-12-23,SKU011,RGB Controller,4,2128
2025-12-23,SKU012,GI Pipe 20mm,14,4116
2025-12-23,SKU013,Backlit Film A1,3,3192
2025-12-23,SKU014,LED Module 12V,38,7980
2025-12-23,SKU015,Stainless Bracket,5,4480
2025-12-24,SKU001,LED Strip 5M,10,6300
2025-12-24,SKU002,Acrylic Sheet 4x8,3,3570
2025-12-24,SKU003,Aluminium Profile,14,6272
2025-12-24,SKU004,LED Driver 60W,3,2856
2025-12-24,SKU005,Flex Banner Roll,3,5040
2025-12-24,SKU006,Neon Flex 1M,10,4060
2025-12-24,SKU007,MS Bracket Set,13,3276
2025-12-24,SKU008,Vinyl Wrap 1M,11,6468
2025-12-24,SKU009,Power Supply 12V,5,3850
2025-12-24,SKU010,ACP Sheet 4x8,1,1330
2025-12-24,SKU011,RGB Controller,9,4788
2025-12-24,SKU012,GI Pipe 20mm,13,3822
2025-12-24,SKU013,Backlit Film A1,3,3192
2025-12-24,SKU014,LED Module 12V,28,5880
2025-12-24,SKU015,Stainless Bracket,4,3584
2025-12-25,SKU001,LED Strip 5M,3,1890
2025-12-25,SKU002,Acrylic Sheet 4x8,3,3570
2025-12-25,SKU003,Aluminium Profile,14,6272
2025-12-25,SKU004,LED Driver 60W,8,7616
2025-12-25,SKU005,Flex Banner Roll,4,6720
2025-12-25,SKU006,Neon Flex 1M,13,5278
2025-12-25,SKU007,MS Bracket Set,6,1512
2025-12-25,SKU008,Vinyl Wrap 1M,8,4704
2025-12-25,SKU009,Power Supply 12V,2,1540
2025-12-25,SKU010,ACP Sheet 4x8,5,6650
2025-12-25,SKU011,RGB Controller,8,4256
2025-12-25,SKU012,GI Pipe 20mm,9,2646
2025-12-25,SKU013,Backlit Film A1,4,4256
2025-12-25,SKU014,LED Module 12V,29,6090
2025-12-25,SKU015,Stainless Bracket,1,896
2025-12-26,SKU001,LED Strip 5M,8,5040
2025-12-26,SKU002,Acrylic Sheet 4x8,3,3570
2025-12-26,SKU003,Aluminium Profile,12,5376
2025-12-26,SKU004,LED Driver 60W,5,4760
2025-12-26,SKU005,Flex Banner Roll,4,6720
2025-12-26,SKU006,Neon Flex 1M,5,2030
2025-12-26,SKU007,MS Bracket Set,19,4788
2025-12-26,SKU008,Vinyl Wrap 1M,10,5880
2025-12-26,SKU009,Power Supply 12V,3,2310
2025-12-26,SKU010,ACP Sheet 4x8,4,5320
2025-12-26,SKU011,RGB Controller,8,4256
2025-12-26,SKU012,GI Pipe 20mm,11,3234
2025-12-26,SKU013,Backlit Film A1,3,3192
2025-12-26,SKU014,LED Module 12V,25,5250
2025-12-26,SKU015,Stainless Bracket,2,1792
2025-12-27,SKU001,LED Strip 5M,12,7560
2025-12-27,SKU002,Acrylic Sheet 4x8,6,7140
2025-12-27,SKU003,Aluminium Profile,11,4928
2025-12-27,SKU004,LED Driver 60W,4,3808
2025-12-27,SKU005,Flex Banner Roll,2,3360
2025-12-27,SKU006,Neon Flex 1M,12,4872
2025-12-27,SKU007,MS Bracket Set,17,4284
2025-12-27,SKU008,Vinyl Wrap 1M,7,4116
2025-12-27,SKU009,Power Supply 12V,4,3080
2025-12-27,SKU010,ACP Sheet 4x8,4,5320
2025-12-27,SKU011,RGB Controller,7,3724
2025-12-27,SKU012,GI Pipe 20mm,18,5292
2025-12-27,SKU013,Backlit Film A1,2,2128
2025-12-27,SKU014,LED Module 12V,31,6510
2025-12-27,SKU015,Stainless Bracket,4,3584
2025-12-29,SKU001,LED Strip 5M,7,4410
2025-12-29,SKU002,Acrylic Sheet 4x8,3,3570
2025-12-29,SKU003,Aluminium Profile,8,3584
2025-12-29,SKU004,LED Driver 60W,4,3808
2025-12-29,SKU005,Flex Banner Roll,2,3360
2025-12-29,SKU006,Neon Flex 1M,11,4466
2025-12-29,SKU007,MS Bracket Set,17,4284
2025-12-29,SKU008,Vinyl Wrap 1M,10,5880
2025-12-29,SKU009,Power Supply 12V,8,6160
2025-12-29,SKU010,ACP Sheet 4x8,4,5320
2025-12-29,SKU011,RGB Controller,4,2128
2025-12-29,SKU012,GI Pipe 20mm,13,3822
2025-12-29,SKU013,Backlit Film A1,2,2128
2025-12-29,SKU014,LED Module 12V,13,2730
2025-12-29,SKU015,Stainless Bracket,3,2688
2025-12-30,SKU001,LED Strip 5M,8,5040
2025-12-30,SKU002,Acrylic Sheet 4x8,4,4760
2025-12-30,SKU003,Aluminium Profile,9,4032
2025-12-30,SKU004,LED Driver 60W,4,3808
2025-12-30,SKU005,Flex Banner Roll,4,6720
2025-12-30,SKU006,Neon Flex 1M,8,3248
2025-12-30,SKU007,MS Bracket Set,13,3276
2025-12-30,SKU008,Vinyl Wrap 1M,6,3528
2025-12-30,SKU009,Power Supply 12V,6,4620
2025-12-30,SKU010,ACP Sheet 4x8,3,3990
2025-12-30,SKU011,RGB Controller,9,4788
2025-12-30,SKU012,GI Pipe 20mm,18,5292
2025-12-30,SKU013,Backlit Film A1,3,3192
2025-12-30,SKU014,LED Module 12V,35,7350
2025-12-30,SKU015,Stainless Bracket,3,2688
2025-12-31,SKU001,LED Strip 5M,10,6300
2025-12-31,SKU002,Acrylic Sheet 4x8,3,3570
2025-12-31,SKU003,Aluminium Profile,10,4480
2025-12-31,SKU004,LED Driver 60W,8,7616
2025-12-31,SKU005,Flex Banner Roll,3,5040
2025-12-31,SKU006,Neon Flex 1M,9,3654
2025-12-31,SKU007,MS Bracket Set,11,2772
2025-12-31,SKU008,Vinyl Wrap 1M,8,4704
2025-12-31,SKU009,Power Supply 12V,4,3080
2025-12-31,SKU010,ACP Sheet 4x8,2,2660
2025-12-31,SKU011,RGB Controller,6,3192
2025-12-31,SKU012,GI Pipe 20mm,16,4704
2025-12-31,SKU013,Backlit Film A1,1,1064
2025-12-31,SKU014,LED Module 12V,27,5670
2025-12-31,SKU015,Stainless Bracket,4,3584
2026-01-01,SKU001,LED Strip 5M,6,3780
2026-01-01,SKU002,Acrylic Sheet 4x8,6,7140
2026-01-01,SKU003,Aluminium Profile,14,6272
2026-01-01,SKU004,LED Driver 60W,4,3808
2026-01-01,SKU005,Flex Banner Roll,2,3360
2026-01-01,SKU006,Neon Flex 1M,10,4060
2026-01-01,SKU007,MS Bracket Set,9,2268
2026-01-01,SKU008,Vinyl Wrap 1M,6,3528
2026-01-01,SKU009,Power Supply 12V,4,3080
2026-01-01,SKU010,ACP Sheet 4x8,4,5320
2026-01-01,SKU011,RGB Controller,8,4256
2026-01-01,SKU012,GI Pipe 20mm,15,4410
2026-01-01,SKU013,Backlit Film A1,4,4256
2026-01-01,SKU014,LED Module 12V,26,5460
2026-01-01,SKU015,Stainless Bracket,3,2688
2026-01-02,SKU001,LED Strip 5M,5,3150
2026-01-02,SKU002,Acrylic Sheet 4x8,6,7140
2026-01-02,SKU003,Aluminium Profile,13,5824
2026-01-02,SKU004,LED Driver 60W,8,7616
2026-01-02,SKU005,Flex Banner Roll,2,3360
2026-01-02,SKU006,Neon Flex 1M,9,3654
2026-01-02,SKU007,MS Bracket Set,17,4284
2026-01-02,SKU008,Vinyl Wrap 1M,6,3528
2026-01-02,SKU009,Power Supply 12V,5,3850
2026-01-02,SKU010,ACP Sheet 4x8,1,1330
2026-01-02,SKU011,RGB Controller,9,4788
2026-01-02,SKU012,GI Pipe 20mm,17,4998
2026-01-02,SKU013,Backlit Film A1,4,4256
2026-01-02,SKU014,LED Module 12V,41,8610
2026-01-02,SKU015,Stainless Bracket,3,2688
2026-01-03,SKU001,LED Strip 5M,7,4410
2026-01-03,SKU002,Acrylic Sheet 4x8,5,5950
2026-01-03,SKU003,Aluminium Profile,18,8064
2026-01-03,SKU004,LED Driver 60W,2,1904
2026-01-03,SKU005,Flex Banner Roll,3,5040
2026-01-03,SKU006,Neon Flex 1M,5,2030
2026-01-03,SKU007,MS Bracket Set,4,1008
2026-01-03,SKU008,Vinyl Wrap 1M,2,1176
2026-01-03,SKU009,Power Supply 12V,2,1540
2026-01-03,SKU010,ACP Sheet 4x8,5,6650
2026-01-03,SKU011,RGB Controller,5,2660
2026-01-03,SKU012,GI Pipe 20mm,13,3822
2026-01-03,SKU013,Backlit Film A1,1,1064
2026-01-03,SKU014,LED Module 12V,29,6090
2026-01-03,SKU015,Stainless Bracket,2,1792
2026-01-05,SKU001,LED Strip 5M,11,6930
2026-01-05,SKU002,Acrylic Sheet 4x8,3,3570
2026-01-05,SKU003,Aluminium Profile,9,4032
2026-01-05,SKU004,LED Driver 60W,6,5712
2026-01-05,SKU005,Flex Banner Roll,3,5040
2026-01-05,SKU006,Neon Flex 1M,12,4872
2026-01-05,SKU007,MS Bracket Set,18,4536
2026-01-05,SKU008,Vinyl Wrap 1M,4,2352
2026-01-05,SKU009,Power Supply 12V,4,3080
2026-01-05,SKU010,ACP Sheet 4x8,3,3990
2026-01-05,SKU011,RGB Controller,9,4788
2026-01-05,SKU012,GI Pipe 20mm,16,4704
2026-01-05,SKU013,Backlit Film A1,2,2128
2026-01-05,SKU014,LED Module 12V,31,6510
2026-01-05,SKU015,Stainless Bracket,3,2688
2026-01-06,SKU001,LED Strip 5M,7,4410
2026-01-06,SKU002,Acrylic Sheet 4x8,5,5950
2026-01-06,SKU003,Aluminium Profile,17,7616
2026-01-06,SKU004,LED Driver 60W,5,4760
2026-01-06,SKU005,Flex Banner Roll,2,3360
2026-01-06,SKU006,Neon Flex 1M,6,2436
2026-01-06,SKU007,MS Bracket Set,21,5292
2026-01-06,SKU008,Vinyl Wrap 1M,5,2940
2026-01-06,SKU009,Power Supply 12V,5,3850
2026-01-06,SKU010,ACP Sheet 4x8,1,1330
2026-01-06,SKU011,RGB Controller,10,5320
2026-01-06,SKU012,GI Pipe 20mm,9,2646
2026-01-06,SKU013,Backlit Film A1,2,2128
2026-01-06,SKU014,LED Module 12V,32,6720
2026-01-06,SKU015,Stainless Bracket,2,1792
2026-01-07,SKU001,LED Strip 5M,7,4410
2026-01-07,SKU002,Acrylic Sheet 4x8,5,5950
2026-01-07,SKU003,Aluminium Profile,8,3584
2026-01-07,SKU004,LED Driver 60W,8,7616
2026-01-07,SKU005,Flex Banner Roll,4,6720
2026-01-07,SKU006,Neon Flex 1M,3,1218
2026-01-07,SKU007,MS Bracket Set,10,2520
2026-01-07,SKU008,Vinyl Wrap 1M,8,4704
2026-01-07,SKU009,Power Supply 12V,3,2310
2026-01-07,SKU010,ACP Sheet 4x8,3,3990
2026-01-07,SKU011,RGB Controller,8,4256
2026-01-07,SKU012,GI Pipe 20mm,18,5292
2026-01-07,SKU013,Backlit Film A1,2,2128
2026-01-07,SKU014,LED Module 12V,25,5250
2026-01-07,SKU015,Stainless Bracket,3,2688
2026-01-08,SKU001,LED Strip 5M,11,6930
2026-01-08,SKU002,Acrylic Sheet 4x8,4,4760
2026-01-08,SKU003,Aluminium Profile,13,5824
2026-01-08,SKU004,LED Driver 60W,5,4760
2026-01-08,SKU005,Flex Banner Roll,3,5040
2026-01-08,SKU006,Neon Flex 1M,8,3248
2026-01-08,SKU007,MS Bracket Set,17,4284
2026-01-08,SKU008,Vinyl Wrap 1M,4,2352
2026-01-08,SKU009,Power Supply 12V,6,4620
2026-01-08,SKU010,ACP Sheet 4x8,5,6650
2026-01-08,SKU011,RGB Controller,8,4256
2026-01-08,SKU012,GI Pipe 20mm,18,5292
2026-01-08,SKU013,Backlit Film A1,3,3192
2026-01-08,SKU014,LED Module 12V,31,6510
2026-01-08,SKU015,Stainless Bracket,4,3584
2026-01-09,SKU001,LED Strip 5M,8,5040
2026-01-09,SKU002,Acrylic Sheet 4x8,6,7140
2026-01-09,SKU003,Aluminium Profile,12,5376
2026-01-09,SKU004,LED Driver 60W,4,3808
2026-01-09,SKU005,Flex Banner Roll,3,5040
2026-01-09,SKU006,Neon Flex 1M,3,1218
2026-01-09,SKU007,MS Bracket Set,17,4284
2026-01-09,SKU008,Vinyl Wrap 1M,7,4116
2026-01-09,SKU009,Power Supply 12V,6,4620
2026-01-09,SKU010,ACP Sheet 4x8,4,5320
2026-01-09,SKU011,RGB Controller,10,5320
2026-01-09,SKU012,GI Pipe 20mm,14,4116
2026-01-09,SKU013,Backlit Film A1,2,2128
2026-01-09,SKU014,LED Module 12V,14,2940
2026-01-09,SKU015,Stainless Bracket,2,1792
2026-01-10,SKU001,LED Strip 5M,4,2520
2026-01-10,SKU002,Acrylic Sheet 4x8,5,5950
2026-01-10,SKU003,Aluminium Profile,11,4928
2026-01-10,SKU004,LED Driver 60W,7,6664
2026-01-10,SKU005,Flex Banner Roll,3,5040
2026-01-10,SKU006,Neon Flex 1M,11,4466
2026-01-10,SKU007,MS Bracket Set,23,5796
2026-01-10,SKU008,Vinyl Wrap 1M,5,2940
2026-01-10,SKU009,Power Supply 12V,4,3080
2026-01-10,SKU010,ACP Sheet 4x8,3,3990
2026-01-10,SKU011,RGB Controller,4,2128
2026-01-10,SKU012,GI Pipe 20mm,18,5292
2026-01-10,SKU013,Backlit Film A1,4,4256
2026-01-10,SKU014,LED Module 12V,24,5040
2026-01-10,SKU015,Stainless Bracket,3,2688
2026-01-12,SKU001,LED Strip 5M,10,6300
2026-01-12,SKU002,Acrylic Sheet 4x8,1,1190
2026-01-12,SKU003,Aluminium Profile,12,5376
2026-01-12,SKU004,LED Driver 60W,6,5712
2026-01-12,SKU005,Flex Banner Roll,2,3360
2026-01-12,SKU006,Neon Flex 1M,12,4872
2026-01-12,SKU007,MS Bracket Set,23,5796
2026-01-12,SKU008,Vinyl Wrap 1M,6,3528
2026-01-12,SKU009,Power Supply 12V,4,3080
2026-01-12,SKU010,ACP Sheet 4x8,3,3990
2026-01-12,SKU011,RGB Controller,6,3192
2026-01-12,SKU012,GI Pipe 20mm,9,2646
2026-01-12,SKU013,Backlit Film A1,4,4256
2026-01-12,SKU014,LED Module 12V,32,6720
2026-01-12,SKU015,Stainless Bracket,4,3584
2026-01-13,SKU001,LED Strip 5M,5,3150
2026-01-13,SKU002,Acrylic Sheet 4x8,8,9520
2026-01-13,SKU003,Aluminium Profile,19,8512
2026-01-13,SKU004,LED Driver 60W,6,5712
2026-01-13,SKU005,Flex Banner Roll,2,3360
2026-01-13,SKU006,Neon Flex 1M,6,2436
2026-01-13,SKU007,MS Bracket Set,20,5040
2026-01-13,SKU008,Vinyl Wrap 1M,5,2940
2026-01-13,SKU009,Power Supply 12V,4,3080
2026-01-13,SKU010,ACP Sheet 4x8,5,6650
2026-01-13,SKU011,RGB Controller,4,2128
2026-01-13,SKU012,GI Pipe 20mm,24,7056
2026-01-13,SKU013,Backlit Film A1,4,4256
2026-01-13,SKU014,LED Module 12V,15,3150
2026-01-13,SKU015,Stainless Bracket,2,1792
2026-01-14,SKU001,LED Strip 5M,7,4410
2026-01-14,SKU002,Acrylic Sheet 4x8,3,3570
2026-01-14,SKU003,Aluminium Profile,11,4928
2026-01-14,SKU004,LED Driver 60W,1,952
2026-01-14,SKU005,Flex Banner Roll,2,3360
2026-01-14,SKU006,Neon Flex 1M,13,5278
2026-01-14,SKU007,MS Bracket Set,11,2772
2026-01-14,SKU008,Vinyl Wrap 1M,6,3528
2026-01-14,SKU009,Power Supply 12V,2,1540
2026-01-14,SKU010,ACP Sheet 4x8,4,5320
2026-01-14,SKU011,RGB Controller,7,3724
2026-01-14,SKU012,GI Pipe 20mm,23,6762
2026-01-14,SKU013,Backlit Film A1,3,3192
2026-01-14,SKU014,LED Module 12V,22,4620
2026-01-14,SKU015,Stainless Bracket,4,3584
2026-01-15,SKU001,LED Strip 5M,6,3780
2026-01-15,SKU002,Acrylic Sheet 4x8,2,2380
2026-01-15,SKU003,Aluminium Profile,13,5824
2026-01-15,SKU004,LED Driver 60W,5,4760
2026-01-15,SKU005,Flex Banner Roll,3,5040
2026-01-15,SKU006,Neon Flex 1M,10,4060
2026-01-15,SKU007,MS Bracket Set,15,3780
2026-01-15,SKU008,Vinyl Wrap 1M,7,4116
2026-01-15,SKU009,Power Supply 12V,7,5390
2026-01-15,SKU010,ACP Sheet 4x8,2,2660
2026-01-15,SKU011,RGB Controller,12,6384
2026-01-15,SKU012,GI Pipe 20mm,13,3822
2026-01-15,SKU013,Backlit Film A1,2,2128
2026-01-15,SKU014,LED Module 12V,43,9030
2026-01-15,SKU015,Stainless Bracket,4,3584
2026-01-16,SKU001,LED Strip 5M,11,6930
2026-01-16,SKU002,Acrylic Sheet 4x8,6,7140
2026-01-16,SKU003,Aluminium Profile,5,2240
2026-01-16,SKU004,LED Driver 60W,6,5712
2026-01-16,SKU005,Flex Banner Roll,2,3360
2026-01-16,SKU006,Neon Flex 1M,5,2030
2026-01-16,SKU007,MS Bracket Set,8,2016
2026-01-16,SKU008,Vinyl Wrap 1M,7,4116
2026-01-16,SKU009,Power Supply 12V,5,3850
2026-01-16,SKU010,ACP Sheet 4x8,4,5320
2026-01-16,SKU011,RGB Controller,7,3724
2026-01-16,SKU012,GI Pipe 20mm,11,3234
2026-01-16,SKU013,Backlit Film A1,2,2128
2026-01-16,SKU014,LED Module 12V,20,4200
2026-01-16,SKU015,Stainless Bracket,2,1792
2026-01-17,SKU001,LED Strip 5M,7,4410
2026-01-17,SKU002,Acrylic Sheet 4x8,4,4760
2026-01-17,SKU003,Aluminium Profile,8,3584
2026-01-17,SKU004,LED Driver 60W,5,4760
2026-01-17,SKU005,Flex Banner Roll,2,3360
2026-01-17,SKU006,Neon Flex 1M,8,3248
2026-01-17,SKU007,MS Bracket Set,20,5040
2026-01-17,SKU008,Vinyl Wrap 1M,7,4116
2026-01-17,SKU009,Power Supply 12V,5,3850
2026-01-17,SKU010,ACP Sheet 4x8,2,2660
2026-01-17,SKU011,RGB Controller,7,3724
2026-01-17,SKU012,GI Pipe 20mm,16,4704
2026-01-17,SKU013,Backlit Film A1,3,3192
2026-01-17,SKU014,LED Module 12V,13,2730
2026-01-17,SKU015,Stainless Bracket,4,3584
2026-01-19,SKU001,LED Strip 5M,10,6300
2026-01-19,SKU002,Acrylic Sheet 4x8,4,4760
2026-01-19,SKU003,Aluminium Profile,11,4928
2026-01-19,SKU004,LED Driver 60W,6,5712
2026-01-19,SKU005,Flex Banner Roll,3,5040
2026-01-19,SKU006,Neon Flex 1M,10,4060
2026-01-19,SKU007,MS Bracket Set,18,4536
2026-01-19,SKU008,Vinyl Wrap 1M,7,4116
2026-01-19,SKU009,Power Supply 12V,3,2310
2026-01-19,SKU010,ACP Sheet 4x8,3,3990
2026-01-19,SKU011,RGB Controller,11,5852
2026-01-19,SKU012,GI Pipe 20mm,14,4116
2026-01-19,SKU013,Backlit Film A1,2,2128
2026-01-19,SKU014,LED Module 12V,21,4410
2026-01-19,SKU015,Stainless Bracket,4,3584
2026-01-20,SKU001,LED Strip 5M,5,3150
2026-01-20,SKU002,Acrylic Sheet 4x8,6,7140
2026-01-20,SKU003,Aluminium Profile,8,3584
2026-01-20,SKU004,LED Driver 60W,4,3808
2026-01-20,SKU005,Flex Banner Roll,3,5040
2026-01-20,SKU006,Neon Flex 1M,9,3654
2026-01-20,SKU007,MS Bracket Set,19,4788
2026-01-20,SKU008,Vinyl Wrap 1M,9,5292
2026-01-20,SKU009,Power Supply 12V,4,3080
2026-01-20,SKU010,ACP Sheet 4x8,4,5320
2026-01-20,SKU011,RGB Controller,5,2660
2026-01-20,SKU012,GI Pipe 20mm,20,5880
2026-01-20,SKU013,Backlit Film A1,3,3192
2026-01-20,SKU014,LED Module 12V,29,6090
2026-01-20,SKU015,Stainless Bracket,4,3584
2026-01-21,SKU001,LED Strip 5M,6,3780
2026-01-21,SKU002,Acrylic Sheet 4x8,4,4760
2026-01-21,SKU003,Aluminium Profile,13,5824
2026-01-21,SKU004,LED Driver 60W,5,4760
2026-01-21,SKU005,Flex Banner Roll,3,5040
2026-01-21,SKU006,Neon Flex 1M,5,2030
2026-01-21,SKU007,MS Bracket Set,18,4536
2026-01-21,SKU008,Vinyl Wrap 1M,5,2940
2026-01-21,SKU009,Power Supply 12V,3,2310
2026-01-21,SKU010,ACP Sheet 4x8,3,3990
2026-01-21,SKU011,RGB Controller,3,1596
2026-01-21,SKU012,GI Pipe 20mm,18,5292
2026-01-21,SKU013,Backlit Film A1,3,3192
2026-01-21,SKU014,LED Module 12V,24,5040
2026-01-21,SKU015,Stainless Bracket,2,1792
2026-01-22,SKU001,LED Strip 5M,5,3150
2026-01-22,SKU002,Acrylic Sheet 4x8,4,4760
2026-01-22,SKU003,Aluminium Profile,3,1344
2026-01-22,SKU004,LED Driver 60W,6,5712
2026-01-22,SKU005,Flex Banner Roll,3,5040
2026-01-22,SKU006,Neon Flex 1M,8,3248
2026-01-22,SKU007,MS Bracket Set,15,3780
2026-01-22,SKU008,Vinyl Wrap 1M,7,4116
2026-01-22,SKU009,Power Supply 12V,5,3850
2026-01-22,SKU010,ACP Sheet 4x8,5,6650
2026-01-22,SKU011,RGB Controller,8,4256
2026-01-22,SKU012,GI Pipe 20mm,11,3234
2026-01-22,SKU013,Backlit Film A1,2,2128
2026-01-22,SKU014,LED Module 12V,26,5460
2026-01-22,SKU015,Stainless Bracket,5,4480
2026-01-23,SKU001,LED Strip 5M,7,4410
2026-01-23,SKU002,Acrylic Sheet 4x8,3,3570
2026-01-23,SKU003,Aluminium Profile,8,3584
2026-01-23,SKU004,LED Driver 60W,2,1904
2026-01-23,SKU005,Flex Banner Roll,3,5040
2026-01-23,SKU006,Neon Flex 1M,5,2030
2026-01-23,SKU007,MS Bracket Set,11,2772
2026-01-23,SKU008,Vinyl Wrap 1M,2,1176
2026-01-23,SKU009,Power Supply 12V,3,2310
2026-01-23,SKU010,ACP Sheet 4x8,4,5320
2026-01-23,SKU011,RGB Controller,4,2128
2026-01-23,SKU012,GI Pipe 20mm,7,2058
2026-01-23,SKU013,Backlit Film A1,3,3192
2026-01-23,SKU014,LED Module 12V,22,4620
2026-01-23,SKU015,Stainless Bracket,4,3584
2026-01-24,SKU001,LED Strip 5M,9,5670
2026-01-24,SKU002,Acrylic Sheet 4x8,4,4760
2026-01-24,SKU003,Aluminium Profile,7,3136
2026-01-24,SKU004,LED Driver 60W,5,4760
2026-01-24,SKU005,Flex Banner Roll,3,5040
2026-01-24,SKU006,Neon Flex 1M,7,2842
2026-01-24,SKU007,MS Bracket Set,10,2520
2026-01-24,SKU008,Vinyl Wrap 1M,9,5292
2026-01-24,SKU009,Power Supply 12V,4,3080
2026-01-24,SKU010,ACP Sheet 4x8,3,3990
2026-01-24,SKU011,RGB Controller,8,4256
2026-01-24,SKU012,GI Pipe 20mm,19,5586
2026-01-24,SKU013,Backlit Film A1,3,3192
2026-01-24,SKU014,LED Module 12V,22,4620
2026-01-24,SKU015,Stainless Bracket,4,3584
2026-01-26,SKU001,LED Strip 5M,13,8190
2026-01-26,SKU002,Acrylic Sheet 4x8,7,8330
2026-01-26,SKU003,Aluminium Profile,14,6272
2026-01-26,SKU004,LED Driver 60W,3,2856
2026-01-26,SKU005,Flex Banner Roll,6,10080
2026-01-26,SKU006,Neon Flex 1M,5,2030
2026-01-26,SKU007,MS Bracket Set,15,3780
2026-01-26,SKU008,Vinyl Wrap 1M,5,2940
2026-01-26,SKU009,Power Supply 12V,7,5390
2026-01-26,SKU010,ACP Sheet 4x8,4,5320
2026-01-26,SKU011,RGB Controller,4,2128
2026-01-26,SKU012,GI Pipe 20mm,16,4704
2026-01-26,SKU013,Backlit Film A1,3,3192
2026-01-26,SKU014,LED Module 12V,22,4620
2026-01-26,SKU015,Stainless Bracket,2,1792
2026-01-27,SKU001,LED Strip 5M,6,3780
2026-01-27,SKU002,Acrylic Sheet 4x8,4,4760
2026-01-27,SKU003,Aluminium Profile,12,5376
2026-01-27,SKU004,LED Driver 60W,5,4760
2026-01-27,SKU005,Flex Banner Roll,3,5040
2026-01-27,SKU006,Neon Flex 1M,6,2436
2026-01-27,SKU007,MS Bracket Set,8,2016
2026-01-27,SKU008,Vinyl Wrap 1M,5,2940
2026-01-27,SKU009,Power Supply 12V,7,5390
2026-01-27,SKU010,ACP Sheet 4x8,3,3990
2026-01-27,SKU011,RGB Controller,13,6916
2026-01-27,SKU012,GI Pipe 20mm,17,4998
2026-01-27,SKU013,Backlit Film A1,1,1064
2026-01-27,SKU014,LED Module 12V,18,3780
2026-01-27,SKU015,Stainless Bracket,4,3584
2026-01-28,SKU001,LED Strip 5M,5,3150
2026-01-28,SKU002,Acrylic Sheet 4x8,8,9520
2026-01-28,SKU003,Aluminium Profile,8,3584
2026-01-28,SKU004,LED Driver 60W,7,6664
2026-01-28,SKU005,Flex Banner Roll,4,6720
2026-01-28,SKU006,Neon Flex 1M,8,3248
2026-01-28,SKU007,MS Bracket Set,12,3024
2026-01-28,SKU008,Vinyl Wrap 1M,6,3528
2026-01-28,SKU009,Power Supply 12V,5,3850
2026-01-28,SKU010,ACP Sheet 4x8,5,6650
2026-01-28,SKU011,RGB Controller,8,4256
2026-01-28,SKU012,GI Pipe 20mm,8,2352
2026-01-28,SKU013,Backlit Film A1,3,3192
2026-01-28,SKU014,LED Module 12V,19,3990
2026-01-28,SKU015,Stainless Bracket,1,896
2026-01-29,SKU001,LED Strip 5M,6,3780
2026-01-29,SKU002,Acrylic Sheet 4x8,2,2380
2026-01-29,SKU003,Aluminium Profile,14,6272
2026-01-29,SKU004,LED Driver 60W,9,8568
2026-01-29,SKU005,Flex Banner Roll,4,6720
2026-01-29,SKU006,Neon Flex 1M,7,2842
2026-01-29,SKU007,MS Bracket Set,15,3780
2026-01-29,SKU008,Vinyl Wrap 1M,8,4704
2026-01-29,SKU009,Power Supply 12V,6,4620
2026-01-29,SKU010,ACP Sheet 4x8,3,3990
2026-01-29,SKU011,RGB Controller,7,3724
2026-01-29,SKU012,GI Pipe 20mm,24,7056
2026-01-29,SKU013,Backlit Film A1,2,2128
2026-01-29,SKU014,LED Module 12V,21,4410
2026-01-29,SKU015,Stainless Bracket,4,3584
2026-01-30,SKU001,LED Strip 5M,9,5670
2026-01-30,SKU002,Acrylic Sheet 4x8,3,3570
2026-01-30,SKU003,Aluminium Profile,11,4928
2026-01-30,SKU004,LED Driver 60W,3,2856
2026-01-30,SKU005,Flex Banner Roll,2,3360
2026-01-30,SKU006,Neon Flex 1M,14,5684
2026-01-30,SKU007,MS Bracket Set,22,5544
2026-01-30,SKU008,Vinyl Wrap 1M,6,3528
2026-01-30,SKU009,Power Supply 12V,3,2310
2026-01-30,SKU010,ACP Sheet 4x8,3,3990
2026-01-30,SKU011,RGB Controller,10,5320
2026-01-30,SKU012,GI Pipe 20mm,12,3528
2026-01-30,SKU013,Backlit Film A1,4,4256
2026-01-30,SKU014,LED Module 12V,14,2940
2026-01-30,SKU015,Stainless Bracket,3,2688
2026-01-31,SKU001,LED Strip 5M,12,7560
2026-01-31,SKU002,Acrylic Sheet 4x8,1,1190
2026-01-31,SKU003,Aluminium Profile,16,7168
2026-01-31,SKU004,LED Driver 60W,2,1904
2026-01-31,SKU005,Flex Banner Roll,2,3360
2026-01-31,SKU006,Neon Flex 1M,8,3248
2026-01-31,SKU007,MS Bracket Set,22,5544
2026-01-31,SKU009,Power Supply 12V,2,1540
2026-01-31,SKU010,ACP Sheet 4x8,3,3990
2026-01-31,SKU011,RGB Controller,8,4256
2026-01-31,SKU012,GI Pipe 20mm,10,2940
2026-01-31,SKU013,Backlit Film A1,2,2128
2026-01-31,SKU014,LED Module 12V,16,3360
2026-01-31,SKU015,Stainless Bracket,3,2688
2026-02-02,SKU001,LED Strip 5M,5,3150
2026-02-02,SKU002,Acrylic Sheet 4x8,5,5950
2026-02-02,SKU003,Aluminium Profile,14,6272
2026-02-02,SKU004,LED Driver 60W,8,7616
2026-02-02,SKU005,Flex Banner Roll,2,3360
2026-02-02,SKU006,Neon Flex 1M,8,3248
2026-02-02,SKU007,MS Bracket Set,18,4536
2026-02-02,SKU008,Vinyl Wrap 1M,6,3528
2026-02-02,SKU009,Power Supply 12V,4,3080
2026-02-02,SKU010,ACP Sheet 4x8,2,2660
2026-02-02,SKU011,RGB Controller,8,4256
2026-02-02,SKU012,GI Pipe 20mm,10,2940
2026-02-02,SKU013,Backlit Film A1,2,2128
2026-02-02,SKU014,LED Module 12V,13,2730
2026-02-02,SKU015,Stainless Bracket,5,4480
2026-02-03,SKU001,LED Strip 5M,7,4410
2026-02-03,SKU002,Acrylic Sheet 4x8,6,7140
2026-02-03,SKU003,Aluminium Profile,12,5376
2026-02-03,SKU004,LED Driver 60W,2,1904
2026-02-03,SKU005,Flex Banner Roll,2,3360
2026-02-03,SKU006,Neon Flex 1M,11,4466
2026-02-03,SKU007,MS Bracket Set,13,3276
2026-02-03,SKU008,Vinyl Wrap 1M,4,2352
2026-02-03,SKU009,Power Supply 12V,4,3080
2026-02-03,SKU010,ACP Sheet 4x8,3,3990
2026-02-03,SKU011,RGB Controller,5,2660
2026-02-03,SKU012,GI Pipe 20mm,13,3822
2026-02-03,SKU013,Backlit Film A1,2,2128
2026-02-03,SKU014,LED Module 12V,5,1050
2026-02-03,SKU015,Stainless Bracket,4,3584
2026-02-04,SKU001,LED Strip 5M,6,3780
2026-02-04,SKU002,Acrylic Sheet 4x8,6,7140
2026-02-04,SKU003,Aluminium Profile,7,3136
2026-02-04,SKU004,LED Driver 60W,3,2856
2026-02-04,SKU005,Flex Banner Roll,4,6720
2026-02-04,SKU006,Neon Flex 1M,4,1624
2026-02-04,SKU007,MS Bracket Set,14,3528
2026-02-04,SKU008,Vinyl Wrap 1M,8,4704
2026-02-04,SKU009,Power Supply 12V,4,3080
2026-02-04,SKU010,ACP Sheet 4x8,2,2660
2026-02-04,SKU011,RGB Controller,8,4256
2026-02-04,SKU012,GI Pipe 20mm,14,4116
2026-02-04,SKU013,Backlit Film A1,4,4256
2026-02-04,SKU014,LED Module 12V,29,6090
2026-02-04,SKU015,Stainless Bracket,7,6272
2026-02-05,SKU001,LED Strip 5M,4,2520
2026-02-05,SKU002,Acrylic Sheet 4x8,4,4760
2026-02-05,SKU003,Aluminium Profile,8,3584
2026-02-05,SKU004,LED Driver 60W,8,7616
2026-02-05,SKU005,Flex Banner Roll,3,5040
2026-02-05,SKU006,Neon Flex 1M,11,4466
2026-02-05,SKU007,MS Bracket Set,13,3276
2026-02-05,SKU008,Vinyl Wrap 1M,5,2940
2026-02-05,SKU009,Power Supply 12V,1,770
2026-02-05,SKU010,ACP Sheet 4x8,6,7980
2026-02-05,SKU011,RGB Controller,9,4788
2026-02-05,SKU012,GI Pipe 20mm,13,3822
2026-02-05,SKU013,Backlit Film A1,3,3192
2026-02-05,SKU014,LED Module 12V,30,6300
2026-02-05,SKU015,Stainless Bracket,5,4480
2026-02-06,SKU001,LED Strip 5M,4,2520
2026-02-06,SKU002,Acrylic Sheet 4x8,3,3570
2026-02-06,SKU003,Aluminium Profile,12,5376
2026-02-06,SKU004,LED Driver 60W,6,5712
2026-02-06,SKU005,Flex Banner Roll,3,5040
2026-02-06,SKU006,Neon Flex 1M,6,2436
2026-02-06,SKU007,MS Bracket Set,18,4536
2026-02-06,SKU008,Vinyl Wrap 1M,11,6468
2026-02-06,SKU009,Power Supply 12V,6,4620
2026-02-06,SKU010,ACP Sheet 4x8,5,6650
2026-02-06,SKU011,RGB Controller,7,3724
2026-02-06,SKU012,GI Pipe 20mm,18,5292
2026-02-06,SKU013,Backlit Film A1,4,4256
2026-02-06,SKU014,LED Module 12V,25,5250
2026-02-06,SKU015,Stainless Bracket,5,4480
2026-02-07,SKU001,LED Strip 5M,5,3150
2026-02-07,SKU002,Acrylic Sheet 4x8,5,5950
2026-02-07,SKU003,Aluminium Profile,15,6720
2026-02-07,SKU004,LED Driver 60W,4,3808
2026-02-07,SKU005,Flex Banner Roll,3,5040
2026-02-07,SKU006,Neon Flex 1M,7,2842
2026-02-07,SKU007,MS Bracket Set,13,3276
2026-02-07,SKU008,Vinyl Wrap 1M,6,3528
2026-02-07,SKU009,Power Supply 12V,7,5390
2026-02-07,SKU010,ACP Sheet 4x8,4,5320
2026-02-07,SKU011,RGB Controller,10,5320
2026-02-07,SKU012,GI Pipe 20mm,11,3234
2026-02-07,SKU013,Backlit Film A1,3,3192
2026-02-07,SKU014,LED Module 12V,16,3360
2026-02-07,SKU015,Stainless Bracket,3,2688
2026-02-09,SKU001,LED Strip 5M,10,6300
2026-02-09,SKU002,Acrylic Sheet 4x8,4,4760
2026-02-09,SKU003,Aluminium Profile,17,7616
2026-02-09,SKU004,LED Driver 60W,5,4760
2026-02-09,SKU005,Flex Banner Roll,2,3360
2026-02-09,SKU006,Neon Flex 1M,12,4872
2026-02-09,SKU007,MS Bracket Set,14,3528
2026-02-09,SKU008,Vinyl Wrap 1M,3,1764
2026-02-09,SKU009,Power Supply 12V,6,4620
2026-02-09,SKU010,ACP Sheet 4x8,4,5320
2026-02-09,SKU011,RGB Controller,2,1064
2026-02-09,SKU012,GI Pipe 20mm,15,4410
2026-02-09,SKU013,Backlit Film A1,2,2128
2026-02-09,SKU014,LED Module 12V,38,7980
2026-02-09,SKU015,Stainless Bracket,3,2688
2026-02-10,SKU001,LED Strip 5M,6,3780
2026-02-10,SKU002,Acrylic Sheet 4x8,3,3570
2026-02-10,SKU003,Aluminium Profile,8,3584
2026-02-10,SKU004,LED Driver 60W,4,3808
2026-02-10,SKU005,Flex Banner Roll,1,1680
2026-02-10,SKU006,Neon Flex 1M,6,2436
2026-02-10,SKU007,MS Bracket Set,9,2268
2026-02-10,SKU008,Vinyl Wrap 1M,3,1764
2026-02-10,SKU009,Power Supply 12V,2,1540
2026-02-10,SKU010,ACP Sheet 4x8,3,3990
2026-02-10,SKU011,RGB Controller,6,3192
2026-02-10,SKU012,GI Pipe 20mm,9,2646
2026-02-10,SKU013,Backlit Film A1,3,3192
2026-02-10,SKU014,LED Module 12V,24,5040
2026-02-10,SKU015,Stainless Bracket,3,2688
2026-02-11,SKU001,LED Strip 5M,6,3780
2026-02-11,SKU002,Acrylic Sheet 4x8,7,8330
2026-02-11,SKU003,Aluminium Profile,12,5376
2026-02-11,SKU004,LED Driver 60W,6,5712
2026-02-11,SKU006,Neon Flex 1M,7,2842
2026-02-11,SKU007,MS Bracket Set,6,1512
2026-02-11,SKU008,Vinyl Wrap 1M,6,3528
2026-02-11,SKU009,Power Supply 12V,5,3850
2026-02-11,SKU010,ACP Sheet 4x8,3,3990
2026-02-11,SKU011,RGB Controller,9,4788
2026-02-11,SKU012,GI Pipe 20mm,10,2940
2026-02-11,SKU013,Backlit Film A1,3,3192
2026-02-11,SKU014,LED Module 12V,13,2730
2026-02-11,SKU015,Stainless Bracket,3,2688
2026-02-12,SKU001,LED Strip 5M,9,5670
2026-02-12,SKU002,Acrylic Sheet 4x8,5,5950
2026-02-12,SKU003,Aluminium Profile,11,4928
2026-02-12,SKU004,LED Driver 60W,9,8568
2026-02-12,SKU005,Flex Banner Roll,2,3360
2026-02-12,SKU006,Neon Flex 1M,7,2842
2026-02-12,SKU007,MS Bracket Set,3,756
2026-02-12,SKU008,Vinyl Wrap 1M,10,5880
2026-02-12,SKU009,Power Supply 12V,4,3080
2026-02-12,SKU010,ACP Sheet 4x8,2,2660
2026-02-12,SKU011,RGB Controller,11,5852
2026-02-12,SKU012,GI Pipe 20mm,20,5880
2026-02-12,SKU013,Backlit Film A1,3,3192
2026-02-12,SKU014,LED Module 12V,14,2940
2026-02-12,SKU015,Stainless Bracket,4,3584
2026-02-13,SKU001,LED Strip 5M,6,3780
2026-02-13,SKU002,Acrylic Sheet 4x8,3,3570
2026-02-13,SKU003,Aluminium Profile,15,6720
2026-02-13,SKU004,LED Driver 60W,2,1904
2026-02-13,SKU005,Flex Banner Roll,3,5040
2026-02-13,SKU006,Neon Flex 1M,10,4060
2026-02-13,SKU007,MS Bracket Set,29,7308
2026-02-13,SKU008,Vinyl Wrap 1M,7,4116
2026-02-13,SKU009,Power Supply 12V,1,770
2026-02-13,SKU010,ACP Sheet 4x8,2,2660
2026-02-13,SKU011,RGB Controller,8,4256
2026-02-13,SKU012,GI Pipe 20mm,16,4704
2026-02-13,SKU013,Backlit Film A1,3,3192
2026-02-13,SKU014,LED Module 12V,10,2100
2026-02-13,SKU015,Stainless Bracket,3,2688
2026-02-14,SKU001,LED Strip 5M,10,6300
2026-02-14,SKU002,Acrylic Sheet 4x8,7,8330
2026-02-14,SKU003,Aluminium Profile,18,8064
2026-02-14,SKU004,LED Driver 60W,5,4760
2026-02-14,SKU005,Flex Banner Roll,3,5040
2026-02-14,SKU006,Neon Flex 1M,13,5278
2026-02-14,SKU007,MS Bracket Set,24,6048
2026-02-14,SKU008,Vinyl Wrap 1M,8,4704
2026-02-14,SKU009,Power Supply 12V,6,4620
2026-02-14,SKU010,ACP Sheet 4x8,3,3990
2026-02-14,SKU011,RGB Controller,4,2128
2026-02-14,SKU012,GI Pipe 20mm,19,5586
2026-02-14,SKU013,Backlit Film A1,2,2128
2026-02-14,SKU014,LED Module 12V,24,5040
2026-02-14,SKU015,Stainless Bracket,3,2688
2026-02-16,SKU001,LED Strip 5M,7,4410
2026-02-16,SKU002,Acrylic Sheet 4x8,5,5950
2026-02-16,SKU003,Aluminium Profile,8,3584
2026-02-16,SKU004,LED Driver 60W,6,5712
2026-02-16,SKU005,Flex Banner Roll,3,5040
2026-02-16,SKU006,Neon Flex 1M,8,3248
2026-02-16,SKU007,MS Bracket Set,13,3276
2026-02-16,SKU008,Vinyl Wrap 1M,8,4704
2026-02-16,SKU009,Power Supply 12V,7,5390
2026-02-16,SKU010,ACP Sheet 4x8,3,3990
2026-02-16,SKU011,RGB Controller,10,5320
2026-02-16,SKU012,GI Pipe 20mm,19,5586
2026-02-16,SKU014,LED Module 12V,19,3990
2026-02-16,SKU015,Stainless Bracket,3,2688
2026-02-17,SKU001,LED Strip 5M,9,5670
2026-02-17,SKU002,Acrylic Sheet 4x8,5,5950
2026-02-17,SKU003,Aluminium Profile,13,5824
2026-02-17,SKU004,LED Driver 60W,7,6664
2026-02-17,SKU005,Flex Banner Roll,2,3360
2026-02-17,SKU006,Neon Flex 1M,6,2436
2026-02-17,SKU007,MS Bracket Set,11,2772
2026-02-17,SKU008,Vinyl Wrap 1M,6,3528
2026-02-17,SKU009,Power Supply 12V,4,3080
2026-02-17,SKU010,ACP Sheet 4x8,4,5320
2026-02-17,SKU011,RGB Controller,6,3192
2026-02-17,SKU012,GI Pipe 20mm,19,5586
2026-02-17,SKU013,Backlit Film A1,3,3192
2026-02-17,SKU014,LED Module 12V,36,7560
2026-02-17,SKU015,Stainless Bracket,4,3584
2026-02-18,SKU001,LED Strip 5M,8,5040
2026-02-18,SKU002,Acrylic Sheet 4x8,6,7140
2026-02-18,SKU003,Aluminium Profile,14,6272
2026-02-18,SKU004,LED Driver 60W,4,3808
2026-02-18,SKU005,Flex Banner Roll,4,6720
2026-02-18,SKU006,Neon Flex 1M,13,5278
2026-02-18,SKU007,MS Bracket Set,28,7056
2026-02-18,SKU008,Vinyl Wrap 1M,7,4116
2026-02-18,SKU009,Power Supply 12V,5,3850
2026-02-18,SKU010,ACP Sheet 4x8,4,5320
2026-02-18,SKU011,RGB Controller,7,3724
2026-02-18,SKU012,GI Pipe 20mm,17,4998
2026-02-18,SKU013,Backlit Film A1,2,2128
2026-02-18,SKU014,LED Module 12V,23,4830
2026-02-18,SKU015,Stainless Bracket,6,5376
2026-02-19,SKU001,LED Strip 5M,8,5040
2026-02-19,SKU002,Acrylic Sheet 4x8,5,5950
2026-02-19,SKU003,Aluminium Profile,15,6720
2026-02-19,SKU004,LED Driver 60W,6,5712
2026-02-19,SKU005,Flex Banner Roll,3,5040
2026-02-19,SKU006,Neon Flex 1M,8,3248
2026-02-19,SKU007,MS Bracket Set,11,2772
2026-02-19,SKU008,Vinyl Wrap 1M,6,3528
2026-02-19,SKU009,Power Supply 12V,3,2310
2026-02-19,SKU010,ACP Sheet 4x8,4,5320
2026-02-19,SKU011,RGB Controller,5,2660
2026-02-19,SKU012,GI Pipe 20mm,19,5586
2026-02-19,SKU013,Backlit Film A1,3,3192
2026-02-19,SKU014,LED Module 12V,27,5670
2026-02-19,SKU015,Stainless Bracket,3,2688
2026-02-20,SKU001,LED Strip 5M,8,5040
2026-02-20,SKU002,Acrylic Sheet 4x8,2,2380
2026-02-20,SKU003,Aluminium Profile,8,3584
2026-02-20,SKU004,LED Driver 60W,5,4760
2026-02-20,SKU005,Flex Banner Roll,3,5040
2026-02-20,SKU006,Neon Flex 1M,8,3248
2026-02-20,SKU007,MS Bracket Set,12,3024
2026-02-20,SKU008,Vinyl Wrap 1M,7,4116
2026-02-20,SKU009,Power Supply 12V,4,3080
2026-02-20,SKU010,ACP Sheet 4x8,2,2660
2026-02-20,SKU011,RGB Controller,8,4256
2026-02-20,SKU012,GI Pipe 20mm,14,4116
2026-02-20,SKU013,Backlit Film A1,4,4256
2026-02-20,SKU014,LED Module 12V,29,6090
2026-02-20,SKU015,Stainless Bracket,4,3584
2026-02-21,SKU001,LED Strip 5M,8,5040
2026-02-21,SKU002,Acrylic Sheet 4x8,3,3570
2026-02-21,SKU003,Aluminium Profile,8,3584
2026-02-21,SKU004,LED Driver 60W,3,2856
2026-02-21,SKU005,Flex Banner Roll,5,8400
2026-02-21,SKU006,Neon Flex 1M,6,2436
2026-02-21,SKU007,MS Bracket Set,16,4032
2026-02-21,SKU008,Vinyl Wrap 1M,6,3528
2026-02-21,SKU009,Power Supply 12V,4,3080
2026-02-21,SKU010,ACP Sheet 4x8,3,3990
2026-02-21,SKU011,RGB Controller,3,1596
2026-02-21,SKU012,GI Pipe 20mm,10,2940
2026-02-21,SKU013,Backlit Film A1,1,1064
2026-02-21,SKU014,LED Module 12V,24,5040
2026-02-21,SKU015,Stainless Bracket,3,2688
2026-02-23,SKU001,LED Strip 5M,6,3780
2026-02-23,SKU002,Acrylic Sheet 4x8,5,5950
2026-02-23,SKU003,Aluminium Profile,9,4032
2026-02-23,SKU004,LED Driver 60W,7,6664
2026-02-23,SKU005,Flex Banner Roll,2,3360
2026-02-23,SKU006,Neon Flex 1M,9,3654
2026-02-23,SKU007,MS Bracket Set,10,2520
2026-02-23,SKU008,Vinyl Wrap 1M,8,4704
2026-02-23,SKU009,Power Supply 12V,4,3080
2026-02-23,SKU010,ACP Sheet 4x8,4,5320
2026-02-23,SKU011,RGB Controller,8,4256
2026-02-23,SKU012,GI Pipe 20mm,14,4116
2026-02-23,SKU013,Backlit Film A1,3,3192
2026-02-23,SKU014,LED Module 12V,22,4620
2026-02-23,SKU015,Stainless Bracket,5,4480
2026-02-24,SKU001,LED Strip 5M,10,6300
2026-02-24,SKU002,Acrylic Sheet 4x8,5,5950
2026-02-24,SKU003,Aluminium Profile,7,3136
2026-02-24,SKU004,LED Driver 60W,4,3808
2026-02-24,SKU005,Flex Banner Roll,2,3360
2026-02-24,SKU006,Neon Flex 1M,8,3248
2026-02-24,SKU007,MS Bracket Set,20,5040
2026-02-24,SKU008,Vinyl Wrap 1M,5,2940
2026-02-24,SKU009,Power Supply 12V,6,4620
2026-02-24,SKU010,ACP Sheet 4x8,4,5320
2026-02-24,SKU011,RGB Controller,3,1596
2026-02-24,SKU012,GI Pipe 20mm,12,3528
2026-02-24,SKU014,LED Module 12V,19,3990
2026-02-24,SKU015,Stainless Bracket,3,2688
2026-02-25,SKU001,LED Strip 5M,6,3780
2026-02-25,SKU002,Acrylic Sheet 4x8,4,4760
2026-02-25,SKU003,Aluminium Profile,10,4480
2026-02-25,SKU004,LED Driver 60W,4,3808
2026-02-25,SKU005,Flex Banner Roll,4,6720
2026-02-25,SKU006,Neon Flex 1M,12,4872
2026-02-25,SKU007,MS Bracket Set,11,2772
2026-02-25,SKU008,Vinyl Wrap 1M,9,5292
2026-02-25,SKU009,Power Supply 12V,2,1540
2026-02-25,SKU010,ACP Sheet 4x8,3,3990
2026-02-25,SKU011,RGB Controller,11,5852
2026-02-25,SKU012,GI Pipe 20mm,4,1176
2026-02-25,SKU013,Backlit Film A1,3,3192
2026-02-25,SKU014,LED Module 12V,15,3150
2026-02-25,SKU015,Stainless Bracket,3,2688
2026-02-26,SKU001,LED Strip 5M,7,4410
2026-02-26,SKU002,Acrylic Sheet 4x8,7,8330
2026-02-26,SKU003,Aluminium Profile,9,4032
2026-02-26,SKU004,LED Driver 60W,5,4760
2026-02-26,SKU005,Flex Banner Roll,3,5040
2026-02-26,SKU006,Neon Flex 1M,8,3248
2026-02-26,SKU007,MS Bracket Set,13,3276
2026-02-26,SKU008,Vinyl Wrap 1M,6,3528
2026-02-26,SKU009,Power Supply 12V,5,3850
2026-02-26,SKU010,ACP Sheet 4x8,5,6650
2026-02-26,SKU011,RGB Controller,5,2660
2026-02-26,SKU012,GI Pipe 20mm,12,3528
2026-02-26,SKU013,Backlit Film A1,3,3192
2026-02-26,SKU014,LED Module 12V,23,4830
2026-02-26,SKU015,Stainless Bracket,3,2688
2026-02-27,SKU001,LED Strip 5M,7,4410
2026-02-27,SKU002,Acrylic Sheet 4x8,3,3570
2026-02-27,SKU003,Aluminium Profile,9,4032
2026-02-27,SKU004,LED Driver 60W,6,5712
2026-02-27,SKU005,Flex Banner Roll,2,3360
2026-02-27,SKU006,Neon Flex 1M,12,4872
2026-02-27,SKU007,MS Bracket Set,19,4788
2026-02-27,SKU008,Vinyl Wrap 1M,4,2352
2026-02-27,SKU009,Power Supply 12V,5,3850
2026-02-27,SKU010,ACP Sheet 4x8,4,5320
2026-02-27,SKU011,RGB Controller,9,4788
2026-02-27,SKU012,GI Pipe 20mm,20,5880
2026-02-27,SKU013,Backlit Film A1,2,2128
2026-02-27,SKU014,LED Module 12V,19,3990
2026-02-27,SKU015,Stainless Bracket,3,2688
2026-02-28,SKU001,LED Strip 5M,5,3150
2026-02-28,SKU002,Acrylic Sheet 4x8,3,3570
2026-02-28,SKU003,Aluminium Profile,13,5824
2026-02-28,SKU004,LED Driver 60W,6,5712
2026-02-28,SKU005,Flex Banner Roll,2,3360
2026-02-28,SKU006,Neon Flex 1M,7,2842
2026-02-28,SKU007,MS Bracket Set,19,4788
2026-02-28,SKU008,Vinyl Wrap 1M,5,2940
2026-02-28,SKU009,Power Supply 12V,3,2310
2026-02-28,SKU010,ACP Sheet 4x8,3,3990
2026-02-28,SKU011,RGB Controller,7,3724
2026-02-28,SKU012,GI Pipe 20mm,10,2940
2026-02-28,SKU013,Backlit Film A1,3,3192
2026-02-28,SKU014,LED Module 12V,31,6510
2026-02-28,SKU015,Stainless Bracket,4,3584
2026-03-02,SKU001,LED Strip 5M,8,5040
2026-03-02,SKU002,Acrylic Sheet 4x8,5,5950
2026-03-02,SKU003,Aluminium Profile,11,4928
2026-03-02,SKU004,LED Driver 60W,7,6664
2026-03-02,SKU005,Flex Banner Roll,4,6720
2026-03-02,SKU006,Neon Flex 1M,9,3654
2026-03-02,SKU007,MS Bracket Set,20,5040
2026-03-02,SKU008,Vinyl Wrap 1M,8,4704
2026-03-02,SKU009,Power Supply 12V,4,3080
2026-03-02,SKU010,ACP Sheet 4x8,2,2660
2026-03-02,SKU011,RGB Controller,10,5320
2026-03-02,SKU012,GI Pipe 20mm,7,2058
2026-03-02,SKU013,Backlit Film A1,4,4256
2026-03-02,SKU014,LED Module 12V,31,6510
2026-03-02,SKU015,Stainless Bracket,4,3584
2026-03-03,SKU001,LED Strip 5M,8,5040
2026-03-03,SKU002,Acrylic Sheet 4x8,7,8330
2026-03-03,SKU003,Aluminium Profile,8,3584
2026-03-03,SKU004,LED Driver 60W,3,2856
2026-03-03,SKU005,Flex Banner Roll,2,3360
2026-03-03,SKU006,Neon Flex 1M,8,3248
2026-03-03,SKU007,MS Bracket Set,12,3024
2026-03-03,SKU008,Vinyl Wrap 1M,7,4116
2026-03-03,SKU009,Power Supply 12V,5,3850
2026-03-03,SKU010,ACP Sheet 4x8,3,3990
2026-03-03,SKU011,RGB Controller,11,5852
2026-03-03,SKU012,GI Pipe 20mm,8,2352
2026-03-03,SKU013,Backlit Film A1,1,1064
2026-03-03,SKU014,LED Module 12V,27,5670
2026-03-03,SKU015,Stainless Bracket,3,2688
2026-03-04,SKU001,LED Strip 5M,9,5670
2026-03-04,SKU002,Acrylic Sheet 4x8,4,4760
2026-03-04,SKU003,Aluminium Profile,8,3584
2026-03-04,SKU004,LED Driver 60W,4,3808
2026-03-04,SKU005,Flex Banner Roll,2,3360
2026-03-04,SKU006,Neon Flex 1M,10,4060
2026-03-04,SKU007,MS Bracket Set,15,3780
2026-03-04,SKU008,Vinyl Wrap 1M,8,4704
2026-03-04,SKU009,Power Supply 12V,5,3850
2026-03-04,SKU010,ACP Sheet 4x8,5,6650
2026-03-04,SKU011,RGB Controller,10,5320
2026-03-04,SKU012,GI Pipe 20mm,18,5292
2026-03-04,SKU013,Backlit Film A1,3,3192
2026-03-04,SKU014,LED Module 12V,21,4410
2026-03-04,SKU015,Stainless Bracket,3,2688
2026-03-05,SKU001,LED Strip 5M,3,1890
2026-03-05,SKU002,Acrylic Sheet 4x8,5,5950
2026-03-05,SKU003,Aluminium Profile,9,4032
2026-03-05,SKU004,LED Driver 60W,6,5712
2026-03-05,SKU005,Flex Banner Roll,3,5040
2026-03-05,SKU006,Neon Flex 1M,5,2030
2026-03-05,SKU007,MS Bracket Set,12,3024
2026-03-05,SKU008,Vinyl Wrap 1M,6,3528
2026-03-05,SKU009,Power Supply 12V,4,3080
2026-03-05,SKU010,ACP Sheet 4x8,4,5320
2026-03-05,SKU011,RGB Controller,5,2660
2026-03-05,SKU012,GI Pipe 20mm,15,4410
2026-03-05,SKU013,Backlit Film A1,1,1064
2026-03-05,SKU014,LED Module 12V,8,1680
2026-03-05,SKU015,Stainless Bracket,4,3584
2026-03-06,SKU001,LED Strip 5M,4,2520
2026-03-06,SKU002,Acrylic Sheet 4x8,4,4760
2026-03-06,SKU003,Aluminium Profile,6,2688
2026-03-06,SKU004,LED Driver 60W,3,2856
2026-03-06,SKU005,Flex Banner Roll,2,3360
2026-03-06,SKU006,Neon Flex 1M,7,2842
2026-03-06,SKU007,MS Bracket Set,23,5796
2026-03-06,SKU008,Vinyl Wrap 1M,7,4116
2026-03-06,SKU009,Power Supply 12V,4,3080
2026-03-06,SKU010,ACP Sheet 4x8,4,5320
2026-03-06,SKU011,RGB Controller,10,5320
2026-03-06,SKU012,GI Pipe 20mm,16,4704
2026-03-06,SKU013,Backlit Film A1,2,2128
2026-03-06,SKU014,LED Module 12V,32,6720
2026-03-06,SKU015,Stainless Bracket,6,5376
2026-03-07,SKU001,LED Strip 5M,9,5670
2026-03-07,SKU002,Acrylic Sheet 4x8,7,8330
2026-03-07,SKU003,Aluminium Profile,15,6720
2026-03-07,SKU004,LED Driver 60W,7,6664
2026-03-07,SKU005,Flex Banner Roll,2,3360
2026-03-07,SKU006,Neon Flex 1M,5,2030
2026-03-07,SKU007,MS Bracket Set,17,4284
2026-03-07,SKU008,Vinyl Wrap 1M,3,1764
2026-03-07,SKU009,Power Supply 12V,4,3080
2026-03-07,SKU010,ACP Sheet 4x8,5,6650
2026-03-07,SKU011,RGB Controller,6,3192
2026-03-07,SKU012,GI Pipe 20mm,17,4998
2026-03-07,SKU013,Backlit Film A1,1,1064
2026-03-07,SKU014,LED Module 12V,21,4410
2026-03-07,SKU015,Stainless Bracket,5,4480
2026-03-09,SKU001,LED Strip 5M,8,5040
2026-03-09,SKU002,Acrylic Sheet 4x8,5,5950
2026-03-09,SKU003,Aluminium Profile,18,8064
2026-03-09,SKU004,LED Driver 60W,8,7616
2026-03-09,SKU005,Flex Banner Roll,2,3360
2026-03-09,SKU006,Neon Flex 1M,12,4872
2026-03-09,SKU007,MS Bracket Set,14,3528
2026-03-09,SKU008,Vinyl Wrap 1M,6,3528
2026-03-09,SKU009,Power Supply 12V,5,3850
2026-03-09,SKU010,ACP Sheet 4x8,5,6650
2026-03-09,SKU011,RGB Controller,5,2660
2026-03-09,SKU012,GI Pipe 20mm,17,4998
2026-03-09,SKU013,Backlit Film A1,3,3192
2026-03-09,SKU014,LED Module 12V,31,6510
2026-03-09,SKU015,Stainless Bracket,3,2688
2026-03-10,SKU001,LED Strip 5M,10,6300
2026-03-10,SKU002,Acrylic Sheet 4x8,3,3570
2026-03-10,SKU003,Aluminium Profile,16,7168
2026-03-10,SKU004,LED Driver 60W,6,5712
2026-03-10,SKU005,Flex Banner Roll,1,1680
2026-03-10,SKU006,Neon Flex 1M,10,4060
2026-03-10,SKU007,MS Bracket Set,18,4536
2026-03-10,SKU008,Vinyl Wrap 1M,6,3528
2026-03-10,SKU009,Power Supply 12V,3,2310
2026-03-10,SKU010,ACP Sheet 4x8,3,3990
2026-03-10,SKU011,RGB Controller,4,2128
2026-03-10,SKU012,GI Pipe 20mm,22,6468
2026-03-10,SKU013,Backlit Film A1,1,1064
2026-03-10,SKU014,LED Module 12V,20,4200
2026-03-10,SKU015,Stainless Bracket,5,4480
2026-03-11,SKU001,LED Strip 5M,9,5670
2026-03-11,SKU002,Acrylic Sheet 4x8,6,7140
2026-03-11,SKU003,Aluminium Profile,17,7616
2026-03-11,SKU004,LED Driver 60W,5,4760
2026-03-11,SKU005,Flex Banner Roll,2,3360
2026-03-11,SKU006,Neon Flex 1M,11,4466
2026-03-11,SKU007,MS Bracket Set,22,5544
2026-03-11,SKU008,Vinyl Wrap 1M,6,3528
2026-03-11,SKU009,Power Supply 12V,3,2310
2026-03-11,SKU010,ACP Sheet 4x8,5,6650
2026-03-11,SKU011,RGB Controller,9,4788
2026-03-11,SKU012,GI Pipe 20mm,8,2352
2026-03-11,SKU013,Backlit Film A1,3,3192
2026-03-11,SKU014,LED Module 12V,14,2940
2026-03-11,SKU015,Stainless Bracket,3,2688
2026-03-12,SKU001,LED Strip 5M,5,3150
2026-03-12,SKU002,Acrylic Sheet 4x8,4,4760
2026-03-12,SKU003,Aluminium Profile,9,4032
2026-03-12,SKU004,LED Driver 60W,4,3808
2026-03-12,SKU005,Flex Banner Roll,3,5040
2026-03-12,SKU006,Neon Flex 1M,9,3654
2026-03-12,SKU007,MS Bracket Set,21,5292
2026-03-12,SKU008,Vinyl Wrap 1M,9,5292
2026-03-12,SKU009,Power Supply 12V,4,3080
2026-03-12,SKU010,ACP Sheet 4x8,4,5320
2026-03-12,SKU011,RGB Controller,9,4788
2026-03-12,SKU012,GI Pipe 20mm,22,6468
2026-03-12,SKU013,Backlit Film A1,3,3192
2026-03-12,SKU014,LED Module 12V,35,7350
2026-03-12,SKU015,Stainless Bracket,5,4480
2026-03-13,SKU001,LED Strip 5M,10,6300
2026-03-13,SKU002,Acrylic Sheet 4x8,2,2380
2026-03-13,SKU003,Aluminium Profile,15,6720
2026-03-13,SKU004,LED Driver 60W,6,5712
2026-03-13,SKU005,Flex Banner Roll,3,5040
2026-03-13,SKU006,Neon Flex 1M,7,2842
2026-03-13,SKU007,MS Bracket Set,15,3780
2026-03-13,SKU008,Vinyl Wrap 1M,7,4116
2026-03-13,SKU009,Power Supply 12V,6,4620
2026-03-13,SKU010,ACP Sheet 4x8,2,2660
2026-03-13,SKU011,RGB Controller,8,4256
2026-03-13,SKU012,GI Pipe 20mm,12,3528
2026-03-13,SKU013,Backlit Film A1,2,2128
2026-03-13,SKU014,LED Module 12V,27,5670
2026-03-13,SKU015,Stainless Bracket,3,2688
2026-03-14,SKU001,LED Strip 5M,6,3780
2026-03-14,SKU002,Acrylic Sheet 4x8,3,3570
2026-03-14,SKU003,Aluminium Profile,13,5824
2026-03-14,SKU004,LED Driver 60W,5,4760
2026-03-14,SKU005,Flex Banner Roll,2,3360
2026-03-14,SKU006,Neon Flex 1M,6,2436
2026-03-14,SKU007,MS Bracket Set,17,4284
2026-03-14,SKU008,Vinyl Wrap 1M,7,4116
2026-03-14,SKU009,Power Supply 12V,3,2310
2026-03-14,SKU010,ACP Sheet 4x8,4,5320
2026-03-14,SKU011,RGB Controller,6,3192
2026-03-14,SKU012,GI Pipe 20mm,27,7938
2026-03-14,SKU013,Backlit Film A1,2,2128
2026-03-14,SKU014,LED Module 12V,19,3990
2026-03-14,SKU015,Stainless Bracket,4,3584
2026-03-16,SKU001,LED Strip 5M,5,3150
2026-03-16,SKU002,Acrylic Sheet 4x8,6,7140
2026-03-16,SKU003,Aluminium Profile,18,8064
2026-03-16,SKU004,LED Driver 60W,5,4760
2026-03-16,SKU005,Flex Banner Roll,3,5040
2026-03-16,SKU006,Neon Flex 1M,7,2842
2026-03-16,SKU007,MS Bracket Set,17,4284
2026-03-16,SKU008,Vinyl Wrap 1M,10,5880
2026-03-16,SKU009,Power Supply 12V,6,4620
2026-03-16,SKU010,ACP Sheet 4x8,2,2660
2026-03-16,SKU011,RGB Controller,11,5852
2026-03-16,SKU012,GI Pipe 20mm,20,5880
2026-03-16,SKU013,Backlit Film A1,3,3192
2026-03-16,SKU014,LED Module 12V,20,4200
2026-03-16,SKU015,Stainless Bracket,4,3584
2026-03-17,SKU001,LED Strip 5M,6,3780
2026-03-17,SKU002,Acrylic Sheet 4x8,5,5950
2026-03-17,SKU003,Aluminium Profile,10,4480
2026-03-17,SKU004,LED Driver 60W,1,952
2026-03-17,SKU005,Flex Banner Roll,3,5040
2026-03-17,SKU006,Neon Flex 1M,9,3654
2026-03-17,SKU007,MS Bracket Set,23,5796
2026-03-17,SKU008,Vinyl Wrap 1M,6,3528
2026-03-17,SKU009,Power Supply 12V,5,3850
2026-03-17,SKU010,ACP Sheet 4x8,5,6650
2026-03-17,SKU011,RGB Controller,8,4256
2026-03-17,SKU012,GI Pipe 20mm,16,4704
2026-03-17,SKU013,Backlit Film A1,5,5320
2026-03-17,SKU014,LED Module 12V,23,4830
2026-03-17,SKU015,Stainless Bracket,4,3584
2026-03-18,SKU001,LED Strip 5M,12,7560
2026-03-18,SKU002,Acrylic Sheet 4x8,3,3570
2026-03-18,SKU003,Aluminium Profile,8,3584
2026-03-18,SKU004,LED Driver 60W,3,2856
2026-03-18,SKU005,Flex Banner Roll,3,5040
2026-03-18,SKU006,Neon Flex 1M,10,4060
2026-03-18,SKU007,MS Bracket Set,22,5544
2026-03-18,SKU008,Vinyl Wrap 1M,4,2352
2026-03-18,SKU009,Power Supply 12V,6,4620
2026-03-18,SKU010,ACP Sheet 4x8,5,6650
2026-03-18,SKU011,RGB Controller,7,3724
2026-03-18,SKU012,GI Pipe 20mm,15,4410
2026-03-18,SKU013,Backlit Film A1,3,3192
2026-03-18,SKU014,LED Module 12V,27,5670
2026-03-18,SKU015,Stainless Bracket,4,3584
2026-03-19,SKU001,LED Strip 5M,5,3150
2026-03-19,SKU002,Acrylic Sheet 4x8,4,4760
2026-03-19,SKU003,Aluminium Profile,7,3136
2026-03-19,SKU004,LED Driver 60W,7,6664
2026-03-19,SKU005,Flex Banner Roll,3,5040
2026-03-19,SKU006,Neon Flex 1M,8,3248
2026-03-19,SKU007,MS Bracket Set,19,4788
2026-03-19,SKU008,Vinyl Wrap 1M,3,1764
2026-03-19,SKU009,Power Supply 12V,6,4620
2026-03-19,SKU010,ACP Sheet 4x8,3,3990
2026-03-19,SKU011,RGB Controller,8,4256
2026-03-19,SKU012,GI Pipe 20mm,20,5880
2026-03-19,SKU013,Backlit Film A1,2,2128
2026-03-19,SKU014,LED Module 12V,33,6930
2026-03-19,SKU015,Stainless Bracket,4,3584
2026-03-20,SKU001,LED Strip 5M,8,5040
2026-03-20,SKU002,Acrylic Sheet 4x8,5,5950
2026-03-20,SKU003,Aluminium Profile,7,3136
2026-03-20,SKU004,LED Driver 60W,7,6664
2026-03-20,SKU005,Flex Banner Roll,3,5040
2026-03-20,SKU006,Neon Flex 1M,11,4466
2026-03-20,SKU007,MS Bracket Set,16,4032
2026-03-20,SKU008,Vinyl Wrap 1M,6,3528
2026-03-20,SKU009,Power Supply 12V,5,3850
2026-03-20,SKU010,ACP Sheet 4x8,3,3990
2026-03-20,SKU011,RGB Controller,5,2660
2026-03-20,SKU012,GI Pipe 20mm,14,4116
2026-03-20,SKU013,Backlit Film A1,4,4256
2026-03-20,SKU014,LED Module 12V,24,5040
2026-03-20,SKU015,Stainless Bracket,2,1792
2026-03-21,SKU001,LED Strip 5M,9,5670
2026-03-21,SKU002,Acrylic Sheet 4x8,2,2380
2026-03-21,SKU003,Aluminium Profile,4,1792
2026-03-21,SKU004,LED Driver 60W,5,4760
2026-03-21,SKU005,Flex Banner Roll,3,5040
2026-03-21,SKU006,Neon Flex 1M,9,3654
2026-03-21,SKU007,MS Bracket Set,13,3276
2026-03-21,SKU008,Vinyl Wrap 1M,6,3528
2026-03-21,SKU009,Power Supply 12V,2,1540
2026-03-21,SKU010,ACP Sheet 4x8,4,5320
2026-03-21,SKU011,RGB Controller,4,2128
2026-03-21,SKU012,GI Pipe 20mm,14,4116
2026-03-21,SKU013,Backlit Film A1,3,3192
2026-03-21,SKU014,LED Module 12V,11,2310
2026-03-21,SKU015,Stainless Bracket,3,2688
2026-03-23,SKU001,LED Strip 5M,9,5670
2026-03-23,SKU002,Acrylic Sheet 4x8,7,8330
2026-03-23,SKU003,Aluminium Profile,6,2688
2026-03-23,SKU004,LED Driver 60W,6,5712
2026-03-23,SKU005,Flex Banner Roll,1,1680
2026-03-23,SKU006,Neon Flex 1M,5,2030
2026-03-23,SKU007,MS Bracket Set,26,6552
2026-03-23,SKU008,Vinyl Wrap 1M,8,4704
2026-03-23,SKU009,Power Supply 12V,3,2310
2026-03-23,SKU010,ACP Sheet 4x8,4,5320
2026-03-23,SKU011,RGB Controller,9,4788
2026-03-23,SKU012,GI Pipe 20mm,15,4410
2026-03-23,SKU013,Backlit Film A1,5,5320
2026-03-23,SKU014,LED Module 12V,29,6090
2026-03-24,SKU001,LED Strip 5M,7,4410
2026-03-24,SKU002,Acrylic Sheet 4x8,3,3570
2026-03-24,SKU003,Aluminium Profile,11,4928
2026-03-24,SKU004,LED Driver 60W,6,5712
2026-03-24,SKU005,Flex Banner Roll,2,3360
2026-03-24,SKU006,Neon Flex 1M,6,2436
2026-03-24,SKU007,MS Bracket Set,25,6300
2026-03-24,SKU008,Vinyl Wrap 1M,8,4704
2026-03-24,SKU009,Power Supply 12V,3,2310
2026-03-24,SKU010,ACP Sheet 4x8,4,5320
2026-03-24,SKU011,RGB Controller,9,4788
2026-03-24,SKU012,GI Pipe 20mm,20,5880
2026-03-24,SKU013,Backlit Film A1,2,2128
2026-03-24,SKU014,LED Module 12V,30,6300
2026-03-24,SKU015,Stainless Bracket,3,2688
2026-03-25,SKU001,LED Strip 5M,10,6300
2026-03-25,SKU002,Acrylic Sheet 4x8,4,4760
2026-03-25,SKU003,Aluminium Profile,3,1344
2026-03-25,SKU004,LED Driver 60W,6,5712
2026-03-25,SKU005,Flex Banner Roll,1,1680
2026-03-25,SKU006,Neon Flex 1M,8,3248
2026-03-25,SKU007,MS Bracket Set,17,4284
2026-03-25,SKU008,Vinyl Wrap 1M,6,3528
2026-03-25,SKU009,Power Supply 12V,2,1540
2026-03-25,SKU010,ACP Sheet 4x8,2,2660
2026-03-25,SKU011,RGB Controller,5,2660
2026-03-25,SKU012,GI Pipe 20mm,13,3822
2026-03-25,SKU013,Backlit Film A1,4,4256
2026-03-25,SKU014,LED Module 12V,30,6300
2026-03-25,SKU015,Stainless Bracket,3,2688
2026-03-26,SKU001,LED Strip 5M,11,6930
2026-03-26,SKU002,Acrylic Sheet 4x8,2,2380
2026-03-26,SKU003,Aluminium Profile,14,6272
2026-03-26,SKU004,LED Driver 60W,5,4760
2026-03-26,SKU005,Flex Banner Roll,3,5040
2026-03-26,SKU006,Neon Flex 1M,10,4060
2026-03-26,SKU007,MS Bracket Set,14,3528
2026-03-26,SKU008,Vinyl Wrap 1M,8,4704
2026-03-26,SKU009,Power Supply 12V,4,3080
2026-03-26,SKU010,ACP Sheet 4x8,6,7980
2026-03-26,SKU011,RGB Controller,7,3724
2026-03-26,SKU012,GI Pipe 20mm,20,5880
2026-03-26,SKU013,Backlit Film A1,3,3192
2026-03-26,SKU014,LED Module 12V,16,3360
2026-03-26,SKU015,Stainless Bracket,5,4480
2026-03-27,SKU001,LED Strip 5M,5,3150
2026-03-27,SKU002,Acrylic Sheet 4x8,1,1190
2026-03-27,SKU003,Aluminium Profile,15,6720
2026-03-27,SKU004,LED Driver 60W,7,6664
2026-03-27,SKU005,Flex Banner Roll,3,5040
2026-03-27,SKU006,Neon Flex 1M,8,3248
2026-03-27,SKU007,MS Bracket Set,26,6552
2026-03-27,SKU008,Vinyl Wrap 1M,8,4704
2026-03-27,SKU009,Power Supply 12V,4,3080
2026-03-27,SKU010,ACP Sheet 4x8,4,5320
2026-03-27,SKU011,RGB Controller,5,2660
2026-03-27,SKU012,GI Pipe 20mm,12,3528
2026-03-27,SKU013,Backlit Film A1,2,2128
2026-03-27,SKU014,LED Module 12V,8,1680
2026-03-27,SKU015,Stainless Bracket,2,1792
2026-03-28,SKU001,LED Strip 5M,10,6300
2026-03-28,SKU002,Acrylic Sheet 4x8,3,3570
2026-03-28,SKU003,Aluminium Profile,10,4480
2026-03-28,SKU004,LED Driver 60W,3,2856
2026-03-28,SKU005,Flex Banner Roll,3,5040
2026-03-28,SKU006,Neon Flex 1M,9,3654
2026-03-28,SKU007,MS Bracket Set,20,5040
2026-03-28,SKU008,Vinyl Wrap 1M,6,3528
2026-03-28,SKU009,Power Supply 12V,3,2310
2026-03-28,SKU010,ACP Sheet 4x8,2,2660
2026-03-28,SKU011,RGB Controller,10,5320
2026-03-28,SKU012,GI Pipe 20mm,14,4116
2026-03-28,SKU013,Backlit Film A1,3,3192
2026-03-28,SKU014,LED Module 12V,1,210
2026-03-28,SKU015,Stainless Bracket,5,4480
2026-03-30,SKU001,LED Strip 5M,6,3780
2026-03-30,SKU002,Acrylic Sheet 4x8,8,9520
2026-03-30,SKU003,Aluminium Profile,10,4480
2026-03-30,SKU004,LED Driver 60W,6,5712
2026-03-30,SKU005,Flex Banner Roll,3,5040
2026-03-30,SKU006,Neon Flex 1M,6,2436
2026-03-30,SKU007,MS Bracket Set,22,5544
2026-03-30,SKU008,Vinyl Wrap 1M,5,2940
2026-03-30,SKU009,Power Supply 12V,6,4620
2026-03-30,SKU010,ACP Sheet 4x8,4,5320
2026-03-30,SKU011,RGB Controller,9,4788
2026-03-30,SKU012,GI Pipe 20mm,11,3234
2026-03-30,SKU013,Backlit Film A1,2,2128
2026-03-30,SKU014,LED Module 12V,27,5670
2026-03-30,SKU015,Stainless Bracket,1,896
2026-03-31,SKU001,LED Strip 5M,6,3780
2026-03-31,SKU002,Acrylic Sheet 4x8,6,7140
2026-03-31,SKU003,Aluminium Profile,7,3136
2026-03-31,SKU004,LED Driver 60W,8,7616
2026-03-31,SKU005,Flex Banner Roll,2,3360
2026-03-31,SKU006,Neon Flex 1M,9,3654
2026-03-31,SKU007,MS Bracket Set,11,2772
2026-03-31,SKU008,Vinyl Wrap 1M,8,4704
2026-03-31,SKU009,Power Supply 12V,5,3850
2026-03-31,SKU010,ACP Sheet 4x8,5,6650
2026-03-31,SKU011,RGB Controller,11,5852
2026-03-31,SKU012,GI Pipe 20mm,20,5880
2026-03-31,SKU013,Backlit Film A1,3,3192
2026-03-31,SKU014,LED Module 12V,15,3150
2026-03-31,SKU015,Stainless Bracket,5,4480
2026-04-01,SKU001,LED Strip 5M,4,2520
2026-04-01,SKU002,Acrylic Sheet 4x8,4,4760
2026-04-01,SKU003,Aluminium Profile,14,6272
2026-04-01,SKU004,LED Driver 60W,6,5712
2026-04-01,SKU005,Flex Banner Roll,4,6720
2026-04-01,SKU006,Neon Flex 1M,8,3248
2026-04-01,SKU007,MS Bracket Set,8,2016
2026-04-01,SKU008,Vinyl Wrap 1M,6,3528
2026-04-01,SKU009,Power Supply 12V,5,3850
2026-04-01,SKU010,ACP Sheet 4x8,3,3990
2026-04-01,SKU011,RGB Controller,11,5852
2026-04-01,SKU012,GI Pipe 20mm,13,3822
2026-04-01,SKU013,Backlit Film A1,1,1064
2026-04-01,SKU014,LED Module 12V,28,5880
2026-04-01,SKU015,Stainless Bracket,2,1792
2026-04-02,SKU001,LED Strip 5M,12,7560
2026-04-02,SKU002,Acrylic Sheet 4x8,5,5950
2026-04-02,SKU003,Aluminium Profile,6,2688
2026-04-02,SKU004,LED Driver 60W,7,6664
2026-04-02,SKU005,Flex Banner Roll,5,8400
2026-04-02,SKU006,Neon Flex 1M,3,1218
2026-04-02,SKU007,MS Bracket Set,22,5544
2026-04-02,SKU008,Vinyl Wrap 1M,8,4704
2026-04-02,SKU009,Power Supply 12V,5,3850
2026-04-02,SKU010,ACP Sheet 4x8,4,5320
2026-04-02,SKU011,RGB Controller,9,4788
2026-04-02,SKU012,GI Pipe 20mm,11,3234
2026-04-02,SKU013,Backlit Film A1,4,4256
2026-04-02,SKU014,LED Module 12V,14,2940
2026-04-02,SKU015,Stainless Bracket,6,5376
2026-04-03,SKU001,LED Strip 5M,11,6930
2026-04-03,SKU002,Acrylic Sheet 4x8,3,3570
2026-04-03,SKU003,Aluminium Profile,11,4928
2026-04-03,SKU004,LED Driver 60W,8,7616
2026-04-03,SKU005,Flex Banner Roll,2,3360
2026-04-03,SKU006,Neon Flex 1M,8,3248
2026-04-03,SKU007,MS Bracket Set,15,3780
2026-04-03,SKU008,Vinyl Wrap 1M,9,5292
2026-04-03,SKU009,Power Supply 12V,4,3080
2026-04-03,SKU010,ACP Sheet 4x8,3,3990
2026-04-03,SKU011,RGB Controller,9,4788
2026-04-03,SKU012,GI Pipe 20mm,14,4116
2026-04-03,SKU013,Backlit Film A1,2,2128
2026-04-03,SKU014,LED Module 12V,14,2940
2026-04-03,SKU015,Stainless Bracket,2,1792
2026-04-04,SKU001,LED Strip 5M,5,3150
2026-04-04,SKU002,Acrylic Sheet 4x8,2,2380
2026-04-04,SKU003,Aluminium Profile,9,4032
2026-04-04,SKU004,LED Driver 60W,6,5712
2026-04-04,SKU005,Flex Banner Roll,3,5040
2026-04-04,SKU006,Neon Flex 1M,6,2436
2026-04-04,SKU007,MS Bracket Set,12,3024
2026-04-04,SKU008,Vinyl Wrap 1M,4,2352
2026-04-04,SKU009,Power Supply 12V,2,1540
2026-04-04,SKU010,ACP Sheet 4x8,2,2660
2026-04-04,SKU011,RGB Controller,9,4788
2026-04-04,SKU012,GI Pipe 20mm,8,2352
2026-04-04,SKU013,Backlit Film A1,3,3192
2026-04-04,SKU014,LED Module 12V,20,4200
2026-04-04,SKU015,Stainless Bracket,6,5376
2026-04-06,SKU001,LED Strip 5M,3,1890
2026-04-06,SKU002,Acrylic Sheet 4x8,5,5950
2026-04-06,SKU003,Aluminium Profile,10,4480
2026-04-06,SKU004,LED Driver 60W,4,3808
2026-04-06,SKU005,Flex Banner Roll,3,5040
2026-04-06,SKU006,Neon Flex 1M,9,3654
2026-04-06,SKU007,MS Bracket Set,12,3024
2026-04-06,SKU008,Vinyl Wrap 1M,7,4116
2026-04-06,SKU009,Power Supply 12V,5,3850
2026-04-06,SKU010,ACP Sheet 4x8,5,6650
2026-04-06,SKU011,RGB Controller,6,3192
2026-04-06,SKU012,GI Pipe 20mm,21,6174
2026-04-06,SKU013,Backlit Film A1,2,2128
2026-04-06,SKU014,LED Module 12V,10,2100
2026-04-06,SKU015,Stainless Bracket,4,3584
2026-04-07,SKU001,LED Strip 5M,7,4410
2026-04-07,SKU002,Acrylic Sheet 4x8,3,3570
2026-04-07,SKU003,Aluminium Profile,15,6720
2026-04-07,SKU004,LED Driver 60W,5,4760
2026-04-07,SKU005,Flex Banner Roll,3,5040
2026-04-07,SKU006,Neon Flex 1M,8,3248
2026-04-07,SKU007,MS Bracket Set,22,5544
2026-04-07,SKU008,Vinyl Wrap 1M,8,4704
2026-04-07,SKU009,Power Supply 12V,5,3850
2026-04-07,SKU010,ACP Sheet 4x8,2,2660
2026-04-07,SKU011,RGB Controller,10,5320
2026-04-07,SKU012,GI Pipe 20mm,15,4410
2026-04-07,SKU013,Backlit Film A1,4,4256
2026-04-07,SKU014,LED Module 12V,28,5880
2026-04-07,SKU015,Stainless Bracket,4,3584
2026-04-08,SKU001,LED Strip 5M,6,3780
2026-04-08,SKU002,Acrylic Sheet 4x8,4,4760
2026-04-08,SKU003,Aluminium Profile,12,5376
2026-04-08,SKU004,LED Driver 60W,3,2856
2026-04-08,SKU005,Flex Banner Roll,1,1680
2026-04-08,SKU006,Neon Flex 1M,8,3248
2026-04-08,SKU007,MS Bracket Set,17,4284
2026-04-08,SKU008,Vinyl Wrap 1M,7,4116
2026-04-08,SKU009,Power Supply 12V,6,4620
2026-04-08,SKU010,ACP Sheet 4x8,3,3990
2026-04-08,SKU011,RGB Controller,9,4788
2026-04-08,SKU012,GI Pipe 20mm,14,4116
2026-04-08,SKU013,Backlit Film A1,2,2128
2026-04-08,SKU014,LED Module 12V,26,5460
2026-04-08,SKU015,Stainless Bracket,1,896
2026-04-09,SKU001,LED Strip 5M,8,5040
2026-04-09,SKU002,Acrylic Sheet 4x8,4,4760
2026-04-09,SKU003,Aluminium Profile,8,3584
2026-04-09,SKU004,LED Driver 60W,2,1904
2026-04-09,SKU005,Flex Banner Roll,2,3360
2026-04-09,SKU006,Neon Flex 1M,3,1218
2026-04-09,SKU007,MS Bracket Set,22,5544
2026-04-09,SKU008,Vinyl Wrap 1M,6,3528
2026-04-09,SKU009,Power Supply 12V,2,1540
2026-04-09,SKU010,ACP Sheet 4x8,3,3990
2026-04-09,SKU011,RGB Controller,9,4788
2026-04-09,SKU012,GI Pipe 20mm,12,3528
2026-04-09,SKU013,Backlit Film A1,2,2128
2026-04-09,SKU014,LED Module 12V,22,4620
2026-04-09,SKU015,Stainless Bracket,3,2688
2026-04-10,SKU001,LED Strip 5M,3,1890
2026-04-10,SKU002,Acrylic Sheet 4x8,4,4760
2026-04-10,SKU003,Aluminium Profile,9,4032
2026-04-10,SKU004,LED Driver 60W,11,10472
2026-04-10,SKU005,Flex Banner Roll,2,3360
2026-04-10,SKU006,Neon Flex 1M,7,2842
2026-04-10,SKU007,MS Bracket Set,23,5796
2026-04-10,SKU008,Vinyl Wrap 1M,6,3528
2026-04-10,SKU009,Power Supply 12V,5,3850
2026-04-10,SKU010,ACP Sheet 4x8,2,2660
2026-04-10,SKU011,RGB Controller,11,5852
2026-04-10,SKU012,GI Pipe 20mm,12,3528
2026-04-10,SKU013,Backlit Film A1,3,3192
2026-04-10,SKU014,LED Module 12V,33,6930
2026-04-10,SKU015,Stainless Bracket,3,2688
2026-04-11,SKU001,LED Strip 5M,7,4410
2026-04-11,SKU002,Acrylic Sheet 4x8,5,5950
2026-04-11,SKU003,Aluminium Profile,14,6272
2026-04-11,SKU004,LED Driver 60W,4,3808
2026-04-11,SKU005,Flex Banner Roll,3,5040
2026-04-11,SKU006,Neon Flex 1M,6,2436
2026-04-11,SKU007,MS Bracket Set,13,3276
2026-04-11,SKU008,Vinyl Wrap 1M,5,2940
2026-04-11,SKU009,Power Supply 12V,6,4620
2026-04-11,SKU010,ACP Sheet 4x8,5,6650
2026-04-11,SKU011,RGB Controller,14,7448
2026-04-11,SKU012,GI Pipe 20mm,14,4116
2026-04-11,SKU013,Backlit Film A1,2,2128
2026-04-11,SKU014,LED Module 12V,17,3570
2026-04-11,SKU015,Stainless Bracket,5,4480
2026-04-13,SKU001,LED Strip 5M,4,2520
2026-04-13,SKU002,Acrylic Sheet 4x8,4,4760
2026-04-13,SKU003,Aluminium Profile,9,4032
2026-04-13,SKU004,LED Driver 60W,9,8568
2026-04-13,SKU005,Flex Banner Roll,2,3360
2026-04-13,SKU006,Neon Flex 1M,11,4466
2026-04-13,SKU007,MS Bracket Set,25,6300
2026-04-13,SKU008,Vinyl Wrap 1M,6,3528
2026-04-13,SKU009,Power Supply 12V,5,3850
2026-04-13,SKU010,ACP Sheet 4x8,2,2660
2026-04-13,SKU011,RGB Controller,7,3724
2026-04-13,SKU012,GI Pipe 20mm,14,4116
2026-04-13,SKU014,LED Module 12V,28,5880
2026-04-13,SKU015,Stainless Bracket,4,3584
2026-04-14,SKU001,LED Strip 5M,3,1890
2026-04-14,SKU002,Acrylic Sheet 4x8,2,2380
2026-04-14,SKU003,Aluminium Profile,9,4032
2026-04-14,SKU004,LED Driver 60W,5,4760
2026-04-14,SKU005,Flex Banner Roll,2,3360
2026-04-14,SKU006,Neon Flex 1M,6,2436
2026-04-14,SKU007,MS Bracket Set,12,3024
2026-04-14,SKU008,Vinyl Wrap 1M,7,4116
2026-04-14,SKU009,Power Supply 12V,4,3080
2026-04-14,SKU010,ACP Sheet 4x8,3,3990
2026-04-14,SKU011,RGB Controller,7,3724
2026-04-14,SKU012,GI Pipe 20mm,17,4998
2026-04-14,SKU013,Backlit Film A1,2,2128
2026-04-14,SKU014,LED Module 12V,31,6510
2026-04-14,SKU015,Stainless Bracket,4,3584
2026-04-15,SKU001,LED Strip 5M,10,6300
2026-04-15,SKU002,Acrylic Sheet 4x8,6,7140
2026-04-15,SKU003,Aluminium Profile,6,2688
2026-04-15,SKU004,LED Driver 60W,7,6664
2026-04-15,SKU005,Flex Banner Roll,4,6720
2026-04-15,SKU006,Neon Flex 1M,6,2436
2026-04-15,SKU007,MS Bracket Set,17,4284
2026-04-15,SKU008,Vinyl Wrap 1M,6,3528
2026-04-15,SKU009,Power Supply 12V,5,3850
2026-04-15,SKU010,ACP Sheet 4x8,4,5320
2026-04-15,SKU011,RGB Controller,6,3192
2026-04-15,SKU012,GI Pipe 20mm,20,5880
2026-04-15,SKU013,Backlit Film A1,2,2128
2026-04-15,SKU014,LED Module 12V,23,4830
2026-04-15,SKU015,Stainless Bracket,5,4480
2026-04-16,SKU001,LED Strip 5M,12,7560
2026-04-16,SKU002,Acrylic Sheet 4x8,4,4760
2026-04-16,SKU003,Aluminium Profile,14,6272
2026-04-16,SKU004,LED Driver 60W,6,5712
2026-04-16,SKU005,Flex Banner Roll,1,1680
2026-04-16,SKU006,Neon Flex 1M,6,2436
2026-04-16,SKU007,MS Bracket Set,11,2772
2026-04-16,SKU008,Vinyl Wrap 1M,5,2940
2026-04-16,SKU009,Power Supply 12V,4,3080
2026-04-16,SKU010,ACP Sheet 4x8,4,5320
2026-04-16,SKU011,RGB Controller,11,5852
2026-04-16,SKU012,GI Pipe 20mm,16,4704
2026-04-16,SKU013,Backlit Film A1,5,5320
2026-04-16,SKU014,LED Module 12V,23,4830
2026-04-16,SKU015,Stainless Bracket,4,3584
2026-04-17,SKU001,LED Strip 5M,8,5040
2026-04-17,SKU002,Acrylic Sheet 4x8,7,8330
2026-04-17,SKU003,Aluminium Profile,10,4480
2026-04-17,SKU004,LED Driver 60W,7,6664
2026-04-17,SKU005,Flex Banner Roll,4,6720
2026-04-17,SKU006,Neon Flex 1M,7,2842
2026-04-17,SKU007,MS Bracket Set,17,4284
2026-04-17,SKU008,Vinyl Wrap 1M,8,4704
2026-04-17,SKU009,Power Supply 12V,4,3080
2026-04-17,SKU010,ACP Sheet 4x8,2,2660
2026-04-17,SKU011,RGB Controller,12,6384
2026-04-17,SKU012,GI Pipe 20mm,13,3822
2026-04-17,SKU013,Backlit Film A1,4,4256
2026-04-17,SKU014,LED Module 12V,21,4410
2026-04-17,SKU015,Stainless Bracket,3,2688
2026-04-18,SKU001,LED Strip 5M,9,5670
2026-04-18,SKU002,Acrylic Sheet 4x8,4,4760
2026-04-18,SKU003,Aluminium Profile,8,3584
2026-04-18,SKU004,LED Driver 60W,4,3808
2026-04-18,SKU005,Flex Banner Roll,3,5040
2026-04-18,SKU006,Neon Flex 1M,7,2842
2026-04-18,SKU007,MS Bracket Set,18,4536
2026-04-18,SKU008,Vinyl Wrap 1M,2,1176
2026-04-18,SKU009,Power Supply 12V,4,3080
2026-04-18,SKU010,ACP Sheet 4x8,3,3990
2026-04-18,SKU011,RGB Controller,6,3192
2026-04-18,SKU012,GI Pipe 20mm,10,2940
2026-04-18,SKU013,Backlit Film A1,2,2128
2026-04-18,SKU014,LED Module 12V,25,5250
2026-04-18,SKU015,Stainless Bracket,5,4480
2026-04-20,SKU001,LED Strip 5M,4,2520
2026-04-20,SKU002,Acrylic Sheet 4x8,4,4760
2026-04-20,SKU003,Aluminium Profile,15,6720
2026-04-20,SKU004,LED Driver 60W,6,5712
2026-04-20,SKU005,Flex Banner Roll,2,3360
2026-04-20,SKU006,Neon Flex 1M,7,2842
2026-04-20,SKU007,MS Bracket Set,18,4536
2026-04-20,SKU008,Vinyl Wrap 1M,6,3528
2026-04-20,SKU009,Power Supply 12V,1,770
2026-04-20,SKU010,ACP Sheet 4x8,3,3990
2026-04-20,SKU011,RGB Controller,3,1596
2026-04-20,SKU012,GI Pipe 20mm,20,5880
2026-04-20,SKU013,Backlit Film A1,3,3192
2026-04-20,SKU014,LED Module 12V,19,3990
2026-04-20,SKU015,Stainless Bracket,4,3584
2026-04-21,SKU001,LED Strip 5M,13,8190
2026-04-21,SKU002,Acrylic Sheet 4x8,4,4760
2026-04-21,SKU003,Aluminium Profile,16,7168
2026-04-21,SKU004,LED Driver 60W,6,5712
2026-04-21,SKU005,Flex Banner Roll,2,3360
2026-04-21,SKU006,Neon Flex 1M,6,2436
2026-04-21,SKU007,MS Bracket Set,14,3528
2026-04-21,SKU008,Vinyl Wrap 1M,6,3528
2026-04-21,SKU009,Power Supply 12V,1,770
2026-04-21,SKU010,ACP Sheet 4x8,4,5320
2026-04-21,SKU011,RGB Controller,7,3724
2026-04-21,SKU012,GI Pipe 20mm,17,4998
2026-04-21,SKU013,Backlit Film A1,2,2128
2026-04-21,SKU014,LED Module 12V,47,9870
2026-04-21,SKU015,Stainless Bracket,2,1792
2026-04-22,SKU001,LED Strip 5M,5,3150
2026-04-22,SKU002,Acrylic Sheet 4x8,6,7140
2026-04-22,SKU003,Aluminium Profile,20,8960
2026-04-22,SKU004,LED Driver 60W,4,3808
2026-04-22,SKU005,Flex Banner Roll,4,6720
2026-04-22,SKU006,Neon Flex 1M,6,2436
2026-04-22,SKU007,MS Bracket Set,24,6048
2026-04-22,SKU008,Vinyl Wrap 1M,7,4116
2026-04-22,SKU009,Power Supply 12V,8,6160
2026-04-22,SKU010,ACP Sheet 4x8,6,7980
2026-04-22,SKU011,RGB Controller,6,3192
2026-04-22,SKU012,GI Pipe 20mm,28,8232
2026-04-22,SKU013,Backlit Film A1,1,1064
2026-04-22,SKU014,LED Module 12V,22,4620
2026-04-22,SKU015,Stainless Bracket,6,5376
2026-04-23,SKU001,LED Strip 5M,6,3780
2026-04-23,SKU002,Acrylic Sheet 4x8,4,4760
2026-04-23,SKU003,Aluminium Profile,12,5376
2026-04-23,SKU004,LED Driver 60W,6,5712
2026-04-23,SKU005,Flex Banner Roll,3,5040
2026-04-23,SKU006,Neon Flex 1M,6,2436
2026-04-23,SKU007,MS Bracket Set,19,4788
2026-04-23,SKU008,Vinyl Wrap 1M,8,4704
2026-04-23,SKU009,Power Supply 12V,7,5390
2026-04-23,SKU010,ACP Sheet 4x8,4,5320
2026-04-23,SKU011,RGB Controller,4,2128
2026-04-23,SKU012,GI Pipe 20mm,15,4410
2026-04-23,SKU013,Backlit Film A1,2,2128
2026-04-23,SKU014,LED Module 12V,34,7140
2026-04-23,SKU015,Stainless Bracket,1,896
2026-04-24,SKU001,LED Strip 5M,9,5670
2026-04-24,SKU002,Acrylic Sheet 4x8,3,3570
2026-04-24,SKU003,Aluminium Profile,16,7168
2026-04-24,SKU004,LED Driver 60W,7,6664
2026-04-24,SKU005,Flex Banner Roll,3,5040
2026-04-24,SKU006,Neon Flex 1M,10,4060
2026-04-24,SKU007,MS Bracket Set,16,4032
2026-04-24,SKU008,Vinyl Wrap 1M,8,4704
2026-04-24,SKU009,Power Supply 12V,4,3080
2026-04-24,SKU010,ACP Sheet 4x8,4,5320
2026-04-24,SKU011,RGB Controller,8,4256
2026-04-24,SKU012,GI Pipe 20mm,3,882
2026-04-24,SKU013,Backlit Film A1,2,2128
2026-04-24,SKU014,LED Module 12V,36,7560
2026-04-24,SKU015,Stainless Bracket,5,4480
2026-04-25,SKU001,LED Strip 5M,8,5040
2026-04-25,SKU002,Acrylic Sheet 4x8,4,4760
2026-04-25,SKU003,Aluminium Profile,10,4480
2026-04-25,SKU004,LED Driver 60W,7,6664
2026-04-25,SKU005,Flex Banner Roll,3,5040
2026-04-25,SKU006,Neon Flex 1M,6,2436
2026-04-25,SKU007,MS Bracket Set,21,5292
2026-04-25,SKU008,Vinyl Wrap 1M,9,5292
2026-04-25,SKU009,Power Supply 12V,3,2310
2026-04-25,SKU010,ACP Sheet 4x8,3,3990
2026-04-25,SKU011,RGB Controller,9,4788
2026-04-25,SKU012,GI Pipe 20mm,18,5292
2026-04-25,SKU013,Backlit Film A1,2,2128
2026-04-25,SKU014,LED Module 12V,21,4410
2026-04-25,SKU015,Stainless Bracket,3,2688
2026-04-27,SKU001,LED Strip 5M,8,5040
2026-04-27,SKU002,Acrylic Sheet 4x8,5,5950
2026-04-27,SKU003,Aluminium Profile,11,4928
2026-04-27,SKU004,LED Driver 60W,3,2856
2026-04-27,SKU005,Flex Banner Roll,2,3360
2026-04-27,SKU006,Neon Flex 1M,10,4060
2026-04-27,SKU007,MS Bracket Set,11,2772
2026-04-27,SKU008,Vinyl Wrap 1M,7,4116
2026-04-27,SKU009,Power Supply 12V,4,3080
2026-04-27,SKU010,ACP Sheet 4x8,3,3990
2026-04-27,SKU011,RGB Controller,8,4256
2026-04-27,SKU012,GI Pipe 20mm,22,6468
2026-04-27,SKU013,Backlit Film A1,3,3192
2026-04-27,SKU014,LED Module 12V,22,4620
2026-04-27,SKU015,Stainless Bracket,2,1792
2026-04-28,SKU001,LED Strip 5M,9,5670
2026-04-28,SKU002,Acrylic Sheet 4x8,6,7140
2026-04-28,SKU003,Aluminium Profile,14,6272
2026-04-28,SKU004,LED Driver 60W,8,7616
2026-04-28,SKU005,Flex Banner Roll,3,5040
2026-04-28,SKU006,Neon Flex 1M,5,2030
2026-04-28,SKU007,MS Bracket Set,17,4284
2026-04-28,SKU008,Vinyl Wrap 1M,8,4704
2026-04-28,SKU009,Power Supply 12V,6,4620
2026-04-28,SKU010,ACP Sheet 4x8,3,3990
2026-04-28,SKU011,RGB Controller,7,3724
2026-04-28,SKU012,GI Pipe 20mm,16,4704
2026-04-28,SKU013,Backlit Film A1,4,4256
2026-04-28,SKU014,LED Module 12V,32,6720
2026-04-28,SKU015,Stainless Bracket,4,3584
2026-04-29,SKU001,LED Strip 5M,8,5040
2026-04-29,SKU002,Acrylic Sheet 4x8,3,3570
2026-04-29,SKU003,Aluminium Profile,8,3584
2026-04-29,SKU004,LED Driver 60W,5,4760
2026-04-29,SKU005,Flex Banner Roll,3,5040
2026-04-29,SKU006,Neon Flex 1M,10,4060
2026-04-29,SKU007,MS Bracket Set,21,5292
2026-04-29,SKU008,Vinyl Wrap 1M,3,1764
2026-04-29,SKU009,Power Supply 12V,2,1540
2026-04-29,SKU010,ACP Sheet 4x8,5,6650
2026-04-29,SKU011,RGB Controller,7,3724
2026-04-29,SKU012,GI Pipe 20mm,9,2646
2026-04-29,SKU013,Backlit Film A1,3,3192
2026-04-29,SKU014,LED Module 12V,26,5460
2026-04-29,SKU015,Stainless Bracket,7,6272
2026-04-30,SKU001,LED Strip 5M,11,6930
2026-04-30,SKU002,Acrylic Sheet 4x8,5,5950
2026-04-30,SKU003,Aluminium Profile,11,4928
2026-04-30,SKU004,LED Driver 60W,6,5712
2026-04-30,SKU005,Flex Banner Roll,2,3360
2026-04-30,SKU006,Neon Flex 1M,5,2030
2026-04-30,SKU007,MS Bracket Set,23,5796
2026-04-30,SKU008,Vinyl Wrap 1M,7,4116
2026-04-30,SKU010,ACP Sheet 4x8,3,3990
2026-04-30,SKU011,RGB Controller,6,3192
2026-04-30,SKU012,GI Pipe 20mm,19,5586
2026-04-30,SKU013,Backlit Film A1,2,2128
2026-04-30,SKU014,LED Module 12V,36,7560
2026-04-30,SKU015,Stainless Bracket,2,1792
2026-05-01,SKU001,LED Strip 5M,5,3150
2026-05-01,SKU002,Acrylic Sheet 4x8,6,7140
2026-05-01,SKU003,Aluminium Profile,9,4032
2026-05-01,SKU004,LED Driver 60W,4,3808
2026-05-01,SKU005,Flex Banner Roll,2,3360
2026-05-01,SKU006,Neon Flex 1M,6,2436
2026-05-01,SKU007,MS Bracket Set,20,5040
2026-05-01,SKU008,Vinyl Wrap 1M,9,5292
2026-05-01,SKU009,Power Supply 12V,2,1540
2026-05-01,SKU010,ACP Sheet 4x8,3,3990
2026-05-01,SKU011,RGB Controller,8,4256
2026-05-01,SKU012,GI Pipe 20mm,15,4410
2026-05-01,SKU013,Backlit Film A1,3,3192
2026-05-01,SKU014,LED Module 12V,25,5250
2026-05-01,SKU015,Stainless Bracket,3,2688
2026-05-02,SKU001,LED Strip 5M,5,3150
2026-05-02,SKU002,Acrylic Sheet 4x8,2,2380
2026-05-02,SKU003,Aluminium Profile,10,4480
2026-05-02,SKU004,LED Driver 60W,6,5712
2026-05-02,SKU005,Flex Banner Roll,3,5040
2026-05-02,SKU006,Neon Flex 1M,7,2842
2026-05-02,SKU007,MS Bracket Set,30,7560
2026-05-02,SKU008,Vinyl Wrap 1M,6,3528
2026-05-02,SKU009,Power Supply 12V,4,3080
2026-05-02,SKU010,ACP Sheet 4x8,4,5320
2026-05-02,SKU011,RGB Controller,5,2660
2026-05-02,SKU012,GI Pipe 20mm,15,4410
2026-05-02,SKU013,Backlit Film A1,1,1064
2026-05-02,SKU014,LED Module 12V,30,6300
2026-05-02,SKU015,Stainless Bracket,4,3584
2026-05-04,SKU001,LED Strip 5M,8,5040
2026-05-04,SKU002,Acrylic Sheet 4x8,5,5950
2026-05-04,SKU003,Aluminium Profile,7,3136
2026-05-04,SKU004,LED Driver 60W,4,3808
2026-05-04,SKU005,Flex Banner Roll,4,6720
2026-05-04,SKU006,Neon Flex 1M,10,4060
2026-05-04,SKU007,MS Bracket Set,14,3528
2026-05-04,SKU008,Vinyl Wrap 1M,7,4116
2026-05-04,SKU009,Power Supply 12V,5,3850
2026-05-04,SKU010,ACP Sheet 4x8,6,7980
2026-05-04,SKU011,RGB Controller,10,5320
2026-05-04,SKU012,GI Pipe 20mm,16,4704
2026-05-04,SKU013,Backlit Film A1,2,2128
2026-05-04,SKU014,LED Module 12V,38,7980
2026-05-04,SKU015,Stainless Bracket,3,2688
2026-05-05,SKU001,LED Strip 5M,5,3150
2026-05-05,SKU002,Acrylic Sheet 4x8,3,3570
2026-05-05,SKU003,Aluminium Profile,8,3584
2026-05-05,SKU004,LED Driver 60W,5,4760
2026-05-05,SKU005,Flex Banner Roll,3,5040
2026-05-05,SKU006,Neon Flex 1M,11,4466
2026-05-05,SKU007,MS Bracket Set,24,6048
2026-05-05,SKU008,Vinyl Wrap 1M,7,4116
2026-05-05,SKU009,Power Supply 12V,6,4620
2026-05-05,SKU010,ACP Sheet 4x8,6,7980
2026-05-05,SKU011,RGB Controller,10,5320
2026-05-05,SKU012,GI Pipe 20mm,22,6468
2026-05-05,SKU013,Backlit Film A1,1,1064
2026-05-05,SKU014,LED Module 12V,19,3990
2026-05-05,SKU015,Stainless Bracket,3,2688
2026-05-06,SKU001,LED Strip 5M,1,630
2026-05-06,SKU002,Acrylic Sheet 4x8,5,5950
2026-05-06,SKU003,Aluminium Profile,17,7616
2026-05-06,SKU004,LED Driver 60W,5,4760
2026-05-06,SKU005,Flex Banner Roll,3,5040
2026-05-06,SKU006,Neon Flex 1M,6,2436
2026-05-06,SKU007,MS Bracket Set,15,3780
2026-05-06,SKU008,Vinyl Wrap 1M,7,4116
2026-05-06,SKU009,Power Supply 12V,3,2310
2026-05-06,SKU010,ACP Sheet 4x8,5,6650
2026-05-06,SKU011,RGB Controller,3,1596
2026-05-06,SKU012,GI Pipe 20mm,16,4704
2026-05-06,SKU013,Backlit Film A1,2,2128
2026-05-06,SKU014,LED Module 12V,36,7560
2026-05-06,SKU015,Stainless Bracket,4,3584
2026-05-07,SKU001,LED Strip 5M,2,1260
2026-05-07,SKU002,Acrylic Sheet 4x8,1,1190
2026-05-07,SKU003,Aluminium Profile,8,3584
2026-05-07,SKU004,LED Driver 60W,5,4760
2026-05-07,SKU005,Flex Banner Roll,2,3360
2026-05-07,SKU006,Neon Flex 1M,9,3654
2026-05-07,SKU007,MS Bracket Set,21,5292
2026-05-07,SKU008,Vinyl Wrap 1M,4,2352
2026-05-07,SKU009,Power Supply 12V,2,1540
2026-05-07,SKU010,ACP Sheet 4x8,4,5320
2026-05-07,SKU011,RGB Controller,7,3724
2026-05-07,SKU012,GI Pipe 20mm,14,4116
2026-05-07,SKU013,Backlit Film A1,2,2128
2026-05-07,SKU014,LED Module 12V,23,4830
2026-05-07,SKU015,Stainless Bracket,5,4480
2026-05-08,SKU001,LED Strip 5M,4,2520
2026-05-08,SKU002,Acrylic Sheet 4x8,3,3570
2026-05-08,SKU003,Aluminium Profile,14,6272
2026-05-08,SKU004,LED Driver 60W,8,7616
2026-05-08,SKU005,Flex Banner Roll,2,3360
2026-05-08,SKU006,Neon Flex 1M,5,2030
2026-05-08,SKU007,MS Bracket Set,7,1764
2026-05-08,SKU008,Vinyl Wrap 1M,7,4116
2026-05-08,SKU009,Power Supply 12V,3,2310
2026-05-08,SKU010,ACP Sheet 4x8,6,7980
2026-05-08,SKU011,RGB Controller,13,6916
2026-05-08,SKU012,GI Pipe 20mm,16,4704
2026-05-08,SKU013,Backlit Film A1,3,3192
2026-05-08,SKU014,LED Module 12V,24,5040
2026-05-08,SKU015,Stainless Bracket,5,4480
2026-05-09,SKU001,LED Strip 5M,7,4410
2026-05-09,SKU002,Acrylic Sheet 4x8,5,5950
2026-05-09,SKU003,Aluminium Profile,16,7168
2026-05-09,SKU004,LED Driver 60W,7,6664
2026-05-09,SKU005,Flex Banner Roll,4,6720
2026-05-09,SKU006,Neon Flex 1M,4,1624
2026-05-09,SKU007,MS Bracket Set,14,3528
2026-05-09,SKU008,Vinyl Wrap 1M,5,2940
2026-05-09,SKU009,Power Supply 12V,6,4620
2026-05-09,SKU010,ACP Sheet 4x8,3,3990
2026-05-09,SKU011,RGB Controller,9,4788
2026-05-09,SKU012,GI Pipe 20mm,9,2646
2026-05-09,SKU013,Backlit Film A1,2,2128
2026-05-09,SKU014,LED Module 12V,42,8820
2026-05-09,SKU015,Stainless Bracket,5,4480
2026-05-11,SKU001,LED Strip 5M,3,1890
2026-05-11,SKU002,Acrylic Sheet 4x8,5,5950
2026-05-11,SKU003,Aluminium Profile,14,6272
2026-05-11,SKU004,LED Driver 60W,5,4760
2026-05-11,SKU005,Flex Banner Roll,2,3360
2026-05-11,SKU006,Neon Flex 1M,10,4060
2026-05-11,SKU007,MS Bracket Set,18,4536
2026-05-11,SKU008,Vinyl Wrap 1M,8,4704
2026-05-11,SKU009,Power Supply 12V,4,3080
2026-05-11,SKU010,ACP Sheet 4x8,6,7980
2026-05-11,SKU011,RGB Controller,5,2660
2026-05-11,SKU012,GI Pipe 20mm,12,3528
2026-05-11,SKU013,Backlit Film A1,3,3192
2026-05-11,SKU014,LED Module 12V,30,6300
2026-05-11,SKU015,Stainless Bracket,2,1792
2026-05-12,SKU001,LED Strip 5M,11,6930
2026-05-12,SKU002,Acrylic Sheet 4x8,2,2380
2026-05-12,SKU003,Aluminium Profile,12,5376
2026-05-12,SKU004,LED Driver 60W,5,4760
2026-05-12,SKU005,Flex Banner Roll,2,3360
2026-05-12,SKU006,Neon Flex 1M,12,4872
2026-05-12,SKU007,MS Bracket Set,5,1260
2026-05-12,SKU008,Vinyl Wrap 1M,5,2940
2026-05-12,SKU009,Power Supply 12V,3,2310
2026-05-12,SKU010,ACP Sheet 4x8,5,6650
2026-05-12,SKU011,RGB Controller,11,5852
2026-05-12,SKU012,GI Pipe 20mm,18,5292
2026-05-12,SKU013,Backlit Film A1,4,4256
2026-05-12,SKU014,LED Module 12V,8,1680
2026-05-12,SKU015,Stainless Bracket,4,3584
2026-05-13,SKU001,LED Strip 5M,4,2520
2026-05-13,SKU002,Acrylic Sheet 4x8,4,4760
2026-05-13,SKU003,Aluminium Profile,12,5376
2026-05-13,SKU004,LED Driver 60W,6,5712
2026-05-13,SKU005,Flex Banner Roll,4,6720
2026-05-13,SKU006,Neon Flex 1M,3,1218
2026-05-13,SKU007,MS Bracket Set,13,3276
2026-05-13,SKU008,Vinyl Wrap 1M,3,1764
2026-05-13,SKU009,Power Supply 12V,2,1540
2026-05-13,SKU010,ACP Sheet 4x8,5,6650
2026-05-13,SKU011,RGB Controller,8,4256
2026-05-13,SKU012,GI Pipe 20mm,22,6468
2026-05-13,SKU013,Backlit Film A1,4,4256
2026-05-13,SKU014,LED Module 12V,25,5250
2026-05-13,SKU015,Stainless Bracket,2,1792
2026-05-14,SKU001,LED Strip 5M,10,6300
2026-05-14,SKU002,Acrylic Sheet 4x8,3,3570
2026-05-14,SKU003,Aluminium Profile,7,3136
2026-05-14,SKU004,LED Driver 60W,3,2856
2026-05-14,SKU005,Flex Banner Roll,3,5040
2026-05-14,SKU006,Neon Flex 1M,12,4872
2026-05-14,SKU007,MS Bracket Set,18,4536
2026-05-14,SKU008,Vinyl Wrap 1M,9,5292
2026-05-14,SKU009,Power Supply 12V,5,3850
2026-05-14,SKU010,ACP Sheet 4x8,3,3990
2026-05-14,SKU011,RGB Controller,14,7448
2026-05-14,SKU012,GI Pipe 20mm,23,6762
2026-05-14,SKU013,Backlit Film A1,3,3192
2026-05-14,SKU014,LED Module 12V,18,3780
2026-05-14,SKU015,Stainless Bracket,2,1792
2026-05-15,SKU001,LED Strip 5M,8,5040
2026-05-15,SKU002,Acrylic Sheet 4x8,4,4760
2026-05-15,SKU003,Aluminium Profile,13,5824
2026-05-15,SKU004,LED Driver 60W,6,5712
2026-05-15,SKU005,Flex Banner Roll,3,5040
2026-05-15,SKU006,Neon Flex 1M,12,4872
2026-05-15,SKU007,MS Bracket Set,19,4788
2026-05-15,SKU008,Vinyl Wrap 1M,5,2940
2026-05-15,SKU009,Power Supply 12V,3,2310
2026-05-15,SKU010,ACP Sheet 4x8,4,5320
2026-05-15,SKU011,RGB Controller,5,2660
2026-05-15,SKU012,GI Pipe 20mm,18,5292
2026-05-15,SKU013,Backlit Film A1,3,3192
2026-05-15,SKU014,LED Module 12V,24,5040
2026-05-15,SKU015,Stainless Bracket,3,2688
2026-05-16,SKU001,LED Strip 5M,3,1890
2026-05-16,SKU002,Acrylic Sheet 4x8,3,3570
2026-05-16,SKU003,Aluminium Profile,6,2688
2026-05-16,SKU004,LED Driver 60W,6,5712
2026-05-16,SKU005,Flex Banner Roll,2,3360
2026-05-16,SKU006,Neon Flex 1M,6,2436
2026-05-16,SKU007,MS Bracket Set,22,5544
2026-05-16,SKU008,Vinyl Wrap 1M,7,4116
2026-05-16,SKU009,Power Supply 12V,5,3850
2026-05-16,SKU010,ACP Sheet 4x8,4,5320
2026-05-16,SKU011,RGB Controller,10,5320
2026-05-16,SKU012,GI Pipe 20mm,7,2058
2026-05-16,SKU013,Backlit Film A1,3,3192
2026-05-16,SKU014,LED Module 12V,11,2310
2026-05-16,SKU015,Stainless Bracket,3,2688
2026-05-18,SKU001,LED Strip 5M,10,6300
2026-05-18,SKU002,Acrylic Sheet 4x8,6,7140
2026-05-18,SKU003,Aluminium Profile,14,6272
2026-05-18,SKU004,LED Driver 60W,6,5712
2026-05-18,SKU005,Flex Banner Roll,4,6720
2026-05-18,SKU006,Neon Flex 1M,4,1624
2026-05-18,SKU007,MS Bracket Set,16,4032
2026-05-18,SKU008,Vinyl Wrap 1M,7,4116
2026-05-18,SKU009,Power Supply 12V,8,6160
2026-05-18,SKU010,ACP Sheet 4x8,5,6650
2026-05-18,SKU011,RGB Controller,10,5320
2026-05-18,SKU012,GI Pipe 20mm,11,3234
2026-05-18,SKU013,Backlit Film A1,5,5320
2026-05-18,SKU014,LED Module 12V,28,5880
2026-05-18,SKU015,Stainless Bracket,2,1792
2026-05-19,SKU001,LED Strip 5M,13,8190
2026-05-19,SKU002,Acrylic Sheet 4x8,2,2380
2026-05-19,SKU003,Aluminium Profile,8,3584
2026-05-19,SKU004,LED Driver 60W,5,4760
2026-05-19,SKU005,Flex Banner Roll,2,3360
2026-05-19,SKU006,Neon Flex 1M,10,4060
2026-05-19,SKU007,MS Bracket Set,19,4788
2026-05-19,SKU008,Vinyl Wrap 1M,7,4116
2026-05-19,SKU009,Power Supply 12V,7,5390
2026-05-19,SKU010,ACP Sheet 4x8,2,2660
2026-05-19,SKU011,RGB Controller,11,5852
2026-05-19,SKU012,GI Pipe 20mm,11,3234
2026-05-19,SKU013,Backlit Film A1,4,4256
2026-05-19,SKU014,LED Module 12V,39,8190
2026-05-19,SKU015,Stainless Bracket,6,5376
2026-05-20,SKU001,LED Strip 5M,7,4410
2026-05-20,SKU002,Acrylic Sheet 4x8,3,3570
2026-05-20,SKU003,Aluminium Profile,13,5824
2026-05-20,SKU004,LED Driver 60W,5,4760
2026-05-20,SKU005,Flex Banner Roll,1,1680
2026-05-20,SKU006,Neon Flex 1M,10,4060
2026-05-20,SKU007,MS Bracket Set,13,3276
2026-05-20,SKU008,Vinyl Wrap 1M,10,5880
2026-05-20,SKU009,Power Supply 12V,6,4620
2026-05-20,SKU010,ACP Sheet 4x8,3,3990
2026-05-20,SKU011,RGB Controller,8,4256
2026-05-20,SKU012,GI Pipe 20mm,13,3822
2026-05-20,SKU013,Backlit Film A1,2,2128
2026-05-20,SKU014,LED Module 12V,48,10080
2026-05-20,SKU015,Stainless Bracket,2,1792
2026-05-21,SKU001,LED Strip 5M,8,5040
2026-05-21,SKU002,Acrylic Sheet 4x8,6,7140
2026-05-21,SKU003,Aluminium Profile,10,4480
2026-05-21,SKU004,LED Driver 60W,4,3808
2026-05-21,SKU005,Flex Banner Roll,1,1680
2026-05-21,SKU006,Neon Flex 1M,12,4872
2026-05-21,SKU007,MS Bracket Set,21,5292
2026-05-21,SKU008,Vinyl Wrap 1M,7,4116
2026-05-21,SKU009,Power Supply 12V,2,1540
2026-05-21,SKU010,ACP Sheet 4x8,4,5320
2026-05-21,SKU011,RGB Controller,8,4256
2026-05-21,SKU012,GI Pipe 20mm,13,3822
2026-05-21,SKU013,Backlit Film A1,1,1064
2026-05-21,SKU014,LED Module 12V,24,5040
2026-05-21,SKU015,Stainless Bracket,2,1792
2026-05-22,SKU001,LED Strip 5M,8,5040
2026-05-22,SKU002,Acrylic Sheet 4x8,5,5950
2026-05-22,SKU003,Aluminium Profile,10,4480
2026-05-22,SKU004,LED Driver 60W,7,6664
2026-05-22,SKU005,Flex Banner Roll,2,3360
2026-05-22,SKU006,Neon Flex 1M,10,4060
2026-05-22,SKU007,MS Bracket Set,20,5040
2026-05-22,SKU008,Vinyl Wrap 1M,9,5292
2026-05-22,SKU009,Power Supply 12V,3,2310
2026-05-22,SKU010,ACP Sheet 4x8,3,3990
2026-05-22,SKU011,RGB Controller,10,5320
2026-05-22,SKU012,GI Pipe 20mm,15,4410
2026-05-22,SKU013,Backlit Film A1,4,4256
2026-05-22,SKU014,LED Module 12V,30,6300
2026-05-22,SKU015,Stainless Bracket,3,2688
2026-05-23,SKU001,LED Strip 5M,10,6300
2026-05-23,SKU002,Acrylic Sheet 4x8,4,4760
2026-05-23,SKU003,Aluminium Profile,15,6720
2026-05-23,SKU004,LED Driver 60W,9,8568
2026-05-23,SKU005,Flex Banner Roll,3,5040
2026-05-23,SKU006,Neon Flex 1M,15,6090
2026-05-23,SKU007,MS Bracket Set,9,2268
2026-05-23,SKU008,Vinyl Wrap 1M,5,2940
2026-05-23,SKU009,Power Supply 12V,4,3080
2026-05-23,SKU010,ACP Sheet 4x8,3,3990
2026-05-23,SKU011,RGB Controller,8,4256
2026-05-23,SKU012,GI Pipe 20mm,13,3822
2026-05-23,SKU013,Backlit Film A1,3,3192
2026-05-23,SKU014,LED Module 12V,32,6720
2026-05-23,SKU015,Stainless Bracket,4,3584
2026-05-25,SKU001,LED Strip 5M,5,3150
2026-05-25,SKU002,Acrylic Sheet 4x8,5,5950
2026-05-25,SKU003,Aluminium Profile,14,6272
2026-05-25,SKU004,LED Driver 60W,6,5712
2026-05-25,SKU005,Flex Banner Roll,3,5040
2026-05-25,SKU006,Neon Flex 1M,12,4872
2026-05-25,SKU007,MS Bracket Set,15,3780
2026-05-25,SKU008,Vinyl Wrap 1M,6,3528
2026-05-25,SKU009,Power Supply 12V,6,4620
2026-05-25,SKU010,ACP Sheet 4x8,4,5320
2026-05-25,SKU011,RGB Controller,10,5320
2026-05-25,SKU012,GI Pipe 20mm,13,3822
2026-05-25,SKU013,Backlit Film A1,1,1064
2026-05-25,SKU014,LED Module 12V,15,3150
2026-05-25,SKU015,Stainless Bracket,3,2688
2026-05-26,SKU001,LED Strip 5M,9,5670
2026-05-26,SKU002,Acrylic Sheet 4x8,6,7140
2026-05-26,SKU003,Aluminium Profile,5,2240
2026-05-26,SKU004,LED Driver 60W,6,5712
2026-05-26,SKU005,Flex Banner Roll,2,3360
2026-05-26,SKU006,Neon Flex 1M,6,2436
2026-05-26,SKU007,MS Bracket Set,29,7308
2026-05-26,SKU008,Vinyl Wrap 1M,7,4116
2026-05-26,SKU009,Power Supply 12V,6,4620
2026-05-26,SKU010,ACP Sheet 4x8,7,9310
2026-05-26,SKU011,RGB Controller,6,3192
2026-05-26,SKU012,GI Pipe 20mm,13,3822
2026-05-26,SKU013,Backlit Film A1,4,4256
2026-05-26,SKU014,LED Module 12V,15,3150
2026-05-26,SKU015,Stainless Bracket,4,3584
2026-05-27,SKU001,LED Strip 5M,8,5040
2026-05-27,SKU002,Acrylic Sheet 4x8,6,7140
2026-05-27,SKU003,Aluminium Profile,13,5824
2026-05-27,SKU004,LED Driver 60W,4,3808
2026-05-27,SKU005,Flex Banner Roll,3,5040
2026-05-27,SKU006,Neon Flex 1M,11,4466
2026-05-27,SKU007,MS Bracket Set,12,3024
2026-05-27,SKU008,Vinyl Wrap 1M,5,2940
2026-05-27,SKU009,Power Supply 12V,4,3080
2026-05-27,SKU010,ACP Sheet 4x8,2,2660
2026-05-27,SKU011,RGB Controller,10,5320
2026-05-27,SKU012,GI Pipe 20mm,13,3822
2026-05-27,SKU013,Backlit Film A1,2,2128
2026-05-27,SKU014,LED Module 12V,17,3570
2026-05-27,SKU015,Stainless Bracket,3,2688
2026-05-28,SKU001,LED Strip 5M,11,6930
2026-05-28,SKU002,Acrylic Sheet 4x8,6,7140
2026-05-28,SKU003,Aluminium Profile,6,2688
2026-05-28,SKU004,LED Driver 60W,4,3808
2026-05-28,SKU005,Flex Banner Roll,3,5040
2026-05-28,SKU006,Neon Flex 1M,7,2842
2026-05-28,SKU007,MS Bracket Set,15,3780
2026-05-28,SKU008,Vinyl Wrap 1M,5,2940
2026-05-28,SKU009,Power Supply 12V,3,2310
2026-05-28,SKU010,ACP Sheet 4x8,4,5320
2026-05-28,SKU011,RGB Controller,7,3724
2026-05-28,SKU012,GI Pipe 20mm,20,5880
2026-05-28,SKU013,Backlit Film A1,2,2128
2026-05-28,SKU014,LED Module 12V,17,3570
2026-05-28,SKU015,Stainless Bracket,4,3584
2026-05-29,SKU001,LED Strip 5M,11,6930
2026-05-29,SKU002,Acrylic Sheet 4x8,3,3570
2026-05-29,SKU003,Aluminium Profile,5,2240
2026-05-29,SKU004,LED Driver 60W,5,4760
2026-05-29,SKU005,Flex Banner Roll,1,1680
2026-05-29,SKU006,Neon Flex 1M,13,5278
2026-05-29,SKU007,MS Bracket Set,10,2520
2026-05-29,SKU008,Vinyl Wrap 1M,6,3528
2026-05-29,SKU009,Power Supply 12V,7,5390
2026-05-29,SKU010,ACP Sheet 4x8,5,6650
2026-05-29,SKU011,RGB Controller,6,3192
2026-05-29,SKU012,GI Pipe 20mm,11,3234
2026-05-29,SKU013,Backlit Film A1,2,2128
2026-05-29,SKU014,LED Module 12V,23,4830
2026-05-29,SKU015,Stainless Bracket,5,4480
